Date,Day of week,Menu type,Expected attendance,Temperature,Previous day's sales,Holiday indicator,Actual meals sold
2025-01-01,Wednesday,Meals,126,22.0,160.0,1,61
2025-01-01,Wednesday,Variety Rice,126,22.0,85.0,1,48
2025-01-01,Wednesday,Biryani,126,22.0,110.0,1,42
2025-01-01,Wednesday,Dosa,126,22.0,105.0,1,42
2025-01-01,Wednesday,Idli,126,22.0,115.0,1,52
2025-01-02,Thursday,Meals,441,22.6,61.0,0,159
2025-01-02,Thursday,Variety Rice,441,22.6,48.0,0,88
2025-01-02,Thursday,Biryani,441,22.6,42.0,0,75
2025-01-02,Thursday,Dosa,441,22.6,42.0,0,103
2025-01-02,Thursday,Idli,441,22.6,52.0,0,89
2025-01-03,Friday,Meals,390,18.1,159.0,0,94
2025-01-03,Friday,Variety Rice,390,18.1,88.0,0,89
2025-01-03,Friday,Biryani,390,18.1,75.0,0,187
2025-01-03,Friday,Dosa,390,18.1,103.0,0,82
2025-01-03,Friday,Idli,390,18.1,89.0,0,114
2025-01-04,Saturday,Meals,131,20.8,94.0,1,28
2025-01-04,Saturday,Variety Rice,131,20.8,89.0,1,29
2025-01-04,Saturday,Biryani,131,20.8,187.0,1,56
2025-01-04,Saturday,Dosa,131,20.8,82.0,1,43
2025-01-04,Saturday,Idli,131,20.8,114.0,1,41
2025-01-05,Sunday,Meals,122,20.2,28.0,1,24
2025-01-05,Sunday,Variety Rice,122,20.2,29.0,1,44
2025-01-05,Sunday,Biryani,122,20.2,56.0,1,54
2025-01-05,Sunday,Dosa,122,20.2,43.0,1,35
2025-01-05,Sunday,Idli,122,20.2,41.0,1,34
2025-01-06,Monday,Meals,468,19.1,24.0,0,134
2025-01-06,Monday,Variety Rice,468,19.1,44.0,0,85
2025-01-06,Monday,Biryani,468,19.1,54.0,0,92
2025-01-06,Monday,Dosa,468,19.1,35.0,0,115
2025-01-06,Monday,Idli,468,19.1,34.0,0,133
2025-01-07,Tuesday,Meals,447,21.1,134.0,0,148
2025-01-07,Tuesday,Variety Rice,447,21.1,85.0,0,91
2025-01-07,Tuesday,Biryani,447,21.1,92.0,0,82
2025-01-07,Tuesday,Dosa,447,21.1,115.0,0,125
2025-01-07,Tuesday,Idli,447,21.1,133.0,0,122
2025-01-08,Wednesday,Meals,472,18.2,148.0,0,173
2025-01-08,Wednesday,Variety Rice,472,18.2,91.0,0,98
2025-01-08,Wednesday,Biryani,472,18.2,82.0,0,102
2025-01-08,Wednesday,Dosa,472,18.2,125.0,0,132
2025-01-08,Wednesday,Idli,472,18.2,122.0,0,133
2025-01-09,Thursday,Meals,447,19.9,173.0,0,176
2025-01-09,Thursday,Variety Rice,447,19.9,98.0,0,110
2025-01-09,Thursday,Biryani,447,19.9,102.0,0,82
2025-01-09,Thursday,Dosa,447,19.9,132.0,0,114
2025-01-09,Thursday,Idli,447,19.9,133.0,0,108
2025-01-10,Friday,Meals,438,19.3,176.0,0,139
2025-01-10,Friday,Variety Rice,438,19.3,110.0,0,99
2025-01-10,Friday,Biryani,438,19.3,82.0,0,241
2025-01-10,Friday,Dosa,438,19.3,114.0,0,115
2025-01-10,Friday,Idli,438,19.3,108.0,0,107
2025-01-11,Saturday,Meals,168,22.2,139.0,1,67
2025-01-11,Saturday,Variety Rice,168,22.2,99.0,1,61
2025-01-11,Saturday,Biryani,168,22.2,241.0,1,34
2025-01-11,Saturday,Dosa,168,22.2,115.0,1,87
2025-01-11,Saturday,Idli,168,22.2,107.0,1,48
2025-01-12,Sunday,Meals,132,21.0,67.0,1,18
2025-01-12,Sunday,Variety Rice,132,21.0,61.0,1,29
2025-01-12,Sunday,Biryani,132,21.0,34.0,1,62
2025-01-12,Sunday,Dosa,132,21.0,87.0,1,74
2025-01-12,Sunday,Idli,132,21.0,48.0,1,24
2025-01-13,Monday,Meals,439,20.1,18.0,0,157
2025-01-13,Monday,Variety Rice,439,20.1,29.0,0,93
2025-01-13,Monday,Biryani,439,20.1,62.0,0,76
2025-01-13,Monday,Dosa,439,20.1,74.0,0,111
2025-01-13,Monday,Idli,439,20.1,24.0,0,122
2025-01-14,Tuesday,Meals,112,23.4,157.0,1,43
2025-01-14,Tuesday,Variety Rice,112,23.4,93.0,1,26
2025-01-14,Tuesday,Biryani,112,23.4,76.0,1,15
2025-01-14,Tuesday,Dosa,112,23.4,111.0,1,43
2025-01-14,Tuesday,Idli,112,23.4,122.0,1,35
2025-01-15,Wednesday,Meals,124,21.7,43.0,1,18
2025-01-15,Wednesday,Variety Rice,124,21.7,26.0,1,21
2025-01-15,Wednesday,Biryani,124,21.7,15.0,1,30
2025-01-15,Wednesday,Dosa,124,21.7,43.0,1,25
2025-01-15,Wednesday,Idli,124,21.7,35.0,1,24
2025-01-16,Thursday,Meals,535,22.5,18.0,0,184
2025-01-16,Thursday,Variety Rice,535,22.5,21.0,0,113
2025-01-16,Thursday,Biryani,535,22.5,30.0,0,99
2025-01-16,Thursday,Dosa,535,22.5,25.0,0,101
2025-01-16,Thursday,Idli,535,22.5,24.0,0,129
2025-01-17,Friday,Meals,496,21.9,184.0,0,137
2025-01-17,Friday,Variety Rice,496,21.9,113.0,0,115
2025-01-17,Friday,Biryani,496,21.9,99.0,0,257
2025-01-17,Friday,Dosa,496,21.9,101.0,0,111
2025-01-17,Friday,Idli,496,21.9,129.0,0,143
2025-01-18,Saturday,Meals,149,23.2,137.0,1,48
2025-01-18,Saturday,Variety Rice,149,23.2,115.0,1,56
2025-01-18,Saturday,Biryani,149,23.2,257.0,1,47
2025-01-18,Saturday,Dosa,149,23.2,111.0,1,75
2025-01-18,Saturday,Idli,149,23.2,143.0,1,68
2025-01-19,Sunday,Meals,115,20.1,48.0,1,33
2025-01-19,Sunday,Variety Rice,115,20.1,56.0,1,21
2025-01-19,Sunday,Biryani,115,20.1,47.0,1,27
2025-01-19,Sunday,Dosa,115,20.1,75.0,1,49
2025-01-19,Sunday,Idli,115,20.1,68.0,1,17
2025-01-20,Monday,Meals,423,22.8,33.0,0,160
2025-01-20,Monday,Variety Rice,423,22.8,21.0,0,78
2025-01-20,Monday,Biryani,423,22.8,27.0,0,72
2025-01-20,Monday,Dosa,423,22.8,49.0,0,106
2025-01-20,Monday,Idli,423,22.8,17.0,0,103
2025-01-21,Tuesday,Meals,512,22.5,160.0,0,175
2025-01-21,Tuesday,Variety Rice,512,22.5,78.0,0,114
2025-01-21,Tuesday,Biryani,512,22.5,72.0,0,103
2025-01-21,Tuesday,Dosa,512,22.5,106.0,0,137
2025-01-21,Tuesday,Idli,512,22.5,103.0,0,120
2025-01-22,Wednesday,Meals,480,19.7,175.0,0,188
2025-01-22,Wednesday,Variety Rice,480,19.7,114.0,0,112
2025-01-22,Wednesday,Biryani,480,19.7,103.0,0,101
2025-01-22,Wednesday,Dosa,480,19.7,137.0,0,117
2025-01-22,Wednesday,Idli,480,19.7,120.0,0,128
2025-01-23,Thursday,Meals,431,22.7,188.0,0,190
2025-01-23,Thursday,Variety Rice,431,22.7,112.0,0,103
2025-01-23,Thursday,Biryani,431,22.7,101.0,0,68
2025-01-23,Thursday,Dosa,431,22.7,117.0,0,117
2025-01-23,Thursday,Idli,431,22.7,128.0,0,104
2025-01-24,Friday,Meals,450,23.7,190.0,0,118
2025-01-24,Friday,Variety Rice,450,23.7,103.0,0,111
2025-01-24,Friday,Biryani,450,23.7,68.0,0,237
2025-01-24,Friday,Dosa,450,23.7,117.0,0,123
2025-01-24,Friday,Idli,450,23.7,104.0,0,135
2025-01-25,Saturday,Meals,111,21.9,118.0,1,30
2025-01-25,Saturday,Variety Rice,111,21.9,111.0,1,24
2025-01-25,Saturday,Biryani,111,21.9,237.0,1,51
2025-01-25,Saturday,Dosa,111,21.9,123.0,1,57
2025-01-25,Saturday,Idli,111,21.9,135.0,1,37
2025-01-26,Sunday,Meals,130,23.9,30.0,1,53
2025-01-26,Sunday,Variety Rice,130,23.9,24.0,1,24
2025-01-26,Sunday,Biryani,130,23.9,51.0,1,98
2025-01-26,Sunday,Dosa,130,23.9,57.0,1,59
2025-01-26,Sunday,Idli,130,23.9,37.0,1,19
2025-01-27,Monday,Meals,479,20.5,53.0,0,163
2025-01-27,Monday,Variety Rice,479,20.5,24.0,0,105
2025-01-27,Monday,Biryani,479,20.5,98.0,0,103
2025-01-27,Monday,Dosa,479,20.5,59.0,0,112
2025-01-27,Monday,Idli,479,20.5,19.0,0,124
2025-01-28,Tuesday,Meals,442,19.8,163.0,0,179
2025-01-28,Tuesday,Variety Rice,442,19.8,105.0,0,102
2025-01-28,Tuesday,Biryani,442,19.8,103.0,0,70
2025-01-28,Tuesday,Dosa,442,19.8,112.0,0,113
2025-01-28,Tuesday,Idli,442,19.8,124.0,0,120
2025-01-29,Wednesday,Meals,466,21.0,179.0,0,181
2025-01-29,Wednesday,Variety Rice,466,21.0,102.0,0,93
2025-01-29,Wednesday,Biryani,466,21.0,70.0,0,96
2025-01-29,Wednesday,Dosa,466,21.0,113.0,0,124
2025-01-29,Wednesday,Idli,466,21.0,120.0,0,133
2025-01-30,Thursday,Meals,404,24.6,181.0,0,145
2025-01-30,Thursday,Variety Rice,404,24.6,93.0,0,95
2025-01-30,Thursday,Biryani,404,24.6,96.0,0,88
2025-01-30,Thursday,Dosa,404,24.6,124.0,0,110
2025-01-30,Thursday,Idli,404,24.6,133.0,0,146
2025-01-31,Friday,Meals,449,23.8,145.0,0,132
2025-01-31,Friday,Variety Rice,449,23.8,95.0,0,106
2025-01-31,Friday,Biryani,449,23.8,88.0,0,228
2025-01-31,Friday,Dosa,449,23.8,110.0,0,121
2025-01-31,Friday,Idli,449,23.8,146.0,0,113
2025-02-01,Saturday,Meals,117,22.4,132.0,1,46
2025-02-01,Saturday,Variety Rice,117,22.4,106.0,1,56
2025-02-01,Saturday,Biryani,117,22.4,228.0,1,26
2025-02-01,Saturday,Dosa,117,22.4,121.0,1,63
2025-02-01,Saturday,Idli,117,22.4,113.0,1,17
2025-02-02,Sunday,Meals,157,22.1,46.0,1,50
2025-02-02,Sunday,Variety Rice,157,22.1,56.0,1,27
2025-02-02,Sunday,Biryani,157,22.1,26.0,1,57
2025-02-02,Sunday,Dosa,157,22.1,63.0,1,73
2025-02-02,Sunday,Idli,157,22.1,17.0,1,25
2025-02-03,Monday,Meals,461,23.4,50.0,0,151
2025-02-03,Monday,Variety Rice,461,23.4,27.0,0,116
2025-02-03,Monday,Biryani,461,23.4,57.0,0,97
2025-02-03,Monday,Dosa,461,23.4,73.0,0,88
2025-02-03,Monday,Idli,461,23.4,25.0,0,130
2025-02-04,Tuesday,Meals,494,21.9,151.0,0,177
2025-02-04,Tuesday,Variety Rice,494,21.9,116.0,0,111
2025-02-04,Tuesday,Biryani,494,21.9,97.0,0,106
2025-02-04,Tuesday,Dosa,494,21.9,88.0,0,130
2025-02-04,Tuesday,Idli,494,21.9,130.0,0,119
2025-02-05,Wednesday,Meals,441,22.6,177.0,0,162
2025-02-05,Wednesday,Variety Rice,441,22.6,111.0,0,118
2025-02-05,Wednesday,Biryani,441,22.6,106.0,0,95
2025-02-05,Wednesday,Dosa,441,22.6,130.0,0,100
2025-02-05,Wednesday,Idli,441,22.6,119.0,0,125
2025-02-06,Thursday,Meals,501,27.1,162.0,0,172
2025-02-06,Thursday,Variety Rice,501,27.1,118.0,0,109
2025-02-06,Thursday,Biryani,501,27.1,95.0,0,119
2025-02-06,Thursday,Dosa,501,27.1,100.0,0,117
2025-02-06,Thursday,Idli,501,27.1,125.0,0,136
2025-02-07,Friday,Meals,377,24.8,172.0,0,104
2025-02-07,Friday,Variety Rice,377,24.8,109.0,0,53
2025-02-07,Friday,Biryani,377,24.8,119.0,0,183
2025-02-07,Friday,Dosa,377,24.8,117.0,0,93
2025-02-07,Friday,Idli,377,24.8,136.0,0,89
2025-02-08,Saturday,Meals,94,26.4,104.0,1,26
2025-02-08,Saturday,Variety Rice,94,26.4,53.0,1,22
2025-02-08,Saturday,Biryani,94,26.4,183.0,1,63
2025-02-08,Saturday,Dosa,94,26.4,93.0,1,25
2025-02-08,Saturday,Idli,94,26.4,89.0,1,35
2025-02-09,Sunday,Meals,105,23.6,26.0,1,30
2025-02-09,Sunday,Variety Rice,105,23.6,22.0,1,22
2025-02-09,Sunday,Biryani,105,23.6,63.0,1,38
2025-02-09,Sunday,Dosa,105,23.6,25.0,1,37
2025-02-09,Sunday,Idli,105,23.6,35.0,1,17
2025-02-10,Monday,Meals,486,23.9,30.0,0,184
2025-02-10,Monday,Variety Rice,486,23.9,22.0,0,87
2025-02-10,Monday,Biryani,486,23.9,38.0,0,123
2025-02-10,Monday,Dosa,486,23.9,37.0,0,90
2025-02-10,Monday,Idli,486,23.9,17.0,0,133
2025-02-11,Tuesday,Meals,471,24.8,184.0,0,175
2025-02-11,Tuesday,Variety Rice,471,24.8,87.0,0,102
2025-02-11,Tuesday,Biryani,471,24.8,123.0,0,89
2025-02-11,Tuesday,Dosa,471,24.8,90.0,0,109
2025-02-11,Tuesday,Idli,471,24.8,133.0,0,134
2025-02-12,Wednesday,Meals,432,24.5,175.0,0,177
2025-02-12,Wednesday,Variety Rice,432,24.5,102.0,0,100
2025-02-12,Wednesday,Biryani,432,24.5,89.0,0,97
2025-02-12,Wednesday,Dosa,432,24.5,109.0,0,116
2025-02-12,Wednesday,Idli,432,24.5,134.0,0,107
2025-02-13,Thursday,Meals,489,22.9,177.0,0,196
2025-02-13,Thursday,Variety Rice,489,22.9,100.0,0,109
2025-02-13,Thursday,Biryani,489,22.9,97.0,0,99
2025-02-13,Thursday,Dosa,489,22.9,116.0,0,138
2025-02-13,Thursday,Idli,489,22.9,107.0,0,121
2025-02-14,Friday,Meals,402,25.0,196.0,0,113
2025-02-14,Friday,Variety Rice,402,25.0,109.0,0,102
2025-02-14,Friday,Biryani,402,25.0,99.0,0,221
2025-02-14,Friday,Dosa,402,25.0,138.0,0,114
2025-02-14,Friday,Idli,402,25.0,121.0,0,119
2025-02-15,Saturday,Meals,147,24.2,113.0,1,51
2025-02-15,Saturday,Variety Rice,147,24.2,102.0,1,44
2025-02-15,Saturday,Biryani,147,24.2,221.0,1,62
2025-02-15,Saturday,Dosa,147,24.2,114.0,1,69
2025-02-15,Saturday,Idli,147,24.2,119.0,1,48
2025-02-16,Sunday,Meals,182,22.8,51.0,1,48
2025-02-16,Sunday,Variety Rice,182,22.8,44.0,1,30
2025-02-16,Sunday,Biryani,182,22.8,62.0,1,101
2025-02-16,Sunday,Dosa,182,22.8,69.0,1,86
2025-02-16,Sunday,Idli,182,22.8,48.0,1,50
2025-02-17,Monday,Meals,459,25.5,48.0,0,147
2025-02-17,Monday,Variety Rice,459,25.5,30.0,0,95
2025-02-17,Monday,Biryani,459,25.5,101.0,0,82
2025-02-17,Monday,Dosa,459,25.5,86.0,0,123
2025-02-17,Monday,Idli,459,25.5,50.0,0,129
2025-02-18,Tuesday,Meals,447,23.0,147.0,0,173
2025-02-18,Tuesday,Variety Rice,447,23.0,95.0,0,94
2025-02-18,Tuesday,Biryani,447,23.0,82.0,0,75
2025-02-18,Tuesday,Dosa,447,23.0,123.0,0,117
2025-02-18,Tuesday,Idli,447,23.0,129.0,0,121
2025-02-19,Wednesday,Meals,441,23.6,173.0,0,172
2025-02-19,Wednesday,Variety Rice,441,23.6,94.0,0,84
2025-02-19,Wednesday,Biryani,441,23.6,75.0,0,65
2025-02-19,Wednesday,Dosa,441,23.6,117.0,0,104
2025-02-19,Wednesday,Idli,441,23.6,121.0,0,114
2025-02-20,Thursday,Meals,519,25.2,172.0,0,209
2025-02-20,Thursday,Variety Rice,519,25.2,84.0,0,112
2025-02-20,Thursday,Biryani,519,25.2,65.0,0,100
2025-02-20,Thursday,Dosa,519,25.2,104.0,0,119
2025-02-20,Thursday,Idli,519,25.2,114.0,0,135
2025-02-21,Friday,Meals,421,24.2,209.0,0,113
2025-02-21,Friday,Variety Rice,421,24.2,112.0,0,101
2025-02-21,Friday,Biryani,421,24.2,100.0,0,242
2025-02-21,Friday,Dosa,421,24.2,119.0,0,106
2025-02-21,Friday,Idli,421,24.2,135.0,0,116
2025-02-22,Saturday,Meals,119,26.1,113.0,1,46
2025-02-22,Saturday,Variety Rice,119,26.1,101.0,1,33
2025-02-22,Saturday,Biryani,119,26.1,242.0,1,57
2025-02-22,Saturday,Dosa,119,26.1,106.0,1,46
2025-02-22,Saturday,Idli,119,26.1,116.0,1,34
2025-02-23,Sunday,Meals,166,25.9,46.0,1,64
2025-02-23,Sunday,Variety Rice,166,25.9,33.0,1,58
2025-02-23,Sunday,Biryani,166,25.9,57.0,1,64
2025-02-23,Sunday,Dosa,166,25.9,46.0,1,76
2025-02-23,Sunday,Idli,166,25.9,34.0,1,39
2025-02-24,Monday,Meals,427,29.0,64.0,0,138
2025-02-24,Monday,Variety Rice,427,29.0,58.0,0,85
2025-02-24,Monday,Biryani,427,29.0,64.0,0,50
2025-02-24,Monday,Dosa,427,29.0,76.0,0,97
2025-02-24,Monday,Idli,427,29.0,39.0,0,112
2025-02-25,Tuesday,Meals,473,25.5,138.0,0,199
2025-02-25,Tuesday,Variety Rice,473,25.5,85.0,0,114
2025-02-25,Tuesday,Biryani,473,25.5,50.0,0,81
2025-02-25,Tuesday,Dosa,473,25.5,97.0,0,107
2025-02-25,Tuesday,Idli,473,25.5,112.0,0,128
2025-02-26,Wednesday,Meals,533,22.9,199.0,0,223
2025-02-26,Wednesday,Variety Rice,533,22.9,114.0,0,116
2025-02-26,Wednesday,Biryani,533,22.9,81.0,0,79
2025-02-26,Wednesday,Dosa,533,22.9,107.0,0,148
2025-02-26,Wednesday,Idli,533,22.9,128.0,0,140
2025-02-27,Thursday,Meals,396,27.6,223.0,0,153
2025-02-27,Thursday,Variety Rice,396,27.6,116.0,0,91
2025-02-27,Thursday,Biryani,396,27.6,79.0,0,78
2025-02-27,Thursday,Dosa,396,27.6,148.0,0,100
2025-02-27,Thursday,Idli,396,27.6,140.0,0,113
2025-02-28,Friday,Meals,405,23.6,153.0,0,111
2025-02-28,Friday,Variety Rice,405,23.6,91.0,0,95
2025-02-28,Friday,Biryani,405,23.6,78.0,0,219
2025-02-28,Friday,Dosa,405,23.6,100.0,0,88
2025-02-28,Friday,Idli,405,23.6,113.0,0,90
2025-03-01,Saturday,Meals,138,27.9,111.0,1,42
2025-03-01,Saturday,Variety Rice,138,27.9,95.0,1,53
2025-03-01,Saturday,Biryani,138,27.9,219.0,1,62
2025-03-01,Saturday,Dosa,138,27.9,88.0,1,73
2025-03-01,Saturday,Idli,138,27.9,90.0,1,37
2025-03-02,Sunday,Meals,173,29.5,42.0,1,52
2025-03-02,Sunday,Variety Rice,173,29.5,53.0,1,51
2025-03-02,Sunday,Biryani,173,29.5,62.0,1,89
2025-03-02,Sunday,Dosa,173,29.5,73.0,1,89
2025-03-02,Sunday,Idli,173,29.5,37.0,1,30
2025-03-03,Monday,Meals,502,27.1,52.0,0,153
2025-03-03,Monday,Variety Rice,502,27.1,51.0,0,95
2025-03-03,Monday,Biryani,502,27.1,89.0,0,69
2025-03-03,Monday,Dosa,502,27.1,89.0,0,120
2025-03-03,Monday,Idli,502,27.1,30.0,0,148
2025-03-04,Tuesday,Meals,462,28.7,153.0,0,194
2025-03-04,Tuesday,Variety Rice,462,28.7,95.0,0,89
2025-03-04,Tuesday,Biryani,462,28.7,69.0,0,64
2025-03-04,Tuesday,Dosa,462,28.7,120.0,0,117
2025-03-04,Tuesday,Idli,462,28.7,148.0,0,129
2025-03-05,Wednesday,Meals,377,26.0,194.0,0,147
2025-03-05,Wednesday,Variety Rice,377,26.0,89.0,0,70
2025-03-05,Wednesday,Biryani,377,26.0,64.0,0,82
2025-03-05,Wednesday,Dosa,377,26.0,117.0,0,100
2025-03-05,Wednesday,Idli,377,26.0,129.0,0,91
2025-03-06,Thursday,Meals,417,25.3,147.0,0,156
2025-03-06,Thursday,Variety Rice,417,25.3,70.0,0,99
2025-03-06,Thursday,Biryani,417,25.3,82.0,0,67
2025-03-06,Thursday,Dosa,417,25.3,100.0,0,109
2025-03-06,Thursday,Idli,417,25.3,91.0,0,101
2025-03-07,Friday,Meals,406,24.9,156.0,0,98
2025-03-07,Friday,Variety Rice,406,24.9,99.0,0,85
2025-03-07,Friday,Biryani,406,24.9,67.0,0,190
2025-03-07,Friday,Dosa,406,24.9,109.0,0,124
2025-03-07,Friday,Idli,406,24.9,101.0,0,105
2025-03-08,Saturday,Meals,135,25.2,98.0,1,46
2025-03-08,Saturday,Variety Rice,135,25.2,85.0,1,33
2025-03-08,Saturday,Biryani,135,25.2,190.0,1,65
2025-03-08,Saturday,Dosa,135,25.2,124.0,1,73
2025-03-08,Saturday,Idli,135,25.2,105.0,1,32
2025-03-09,Sunday,Meals,123,25.5,46.0,1,10
2025-03-09,Sunday,Variety Rice,123,25.5,33.0,1,11
2025-03-09,Sunday,Biryani,123,25.5,65.0,1,76
2025-03-09,Sunday,Dosa,123,25.5,73.0,1,69
2025-03-09,Sunday,Idli,123,25.5,32.0,1,23
2025-03-10,Monday,Meals,472,27.7,10.0,0,194
2025-03-10,Monday,Variety Rice,472,27.7,11.0,0,106
2025-03-10,Monday,Biryani,472,27.7,76.0,0,90
2025-03-10,Monday,Dosa,472,27.7,69.0,0,102
2025-03-10,Monday,Idli,472,27.7,23.0,0,115
2025-03-11,Tuesday,Meals,429,27.2,194.0,0,151
2025-03-11,Tuesday,Variety Rice,429,27.2,106.0,0,90
2025-03-11,Tuesday,Biryani,429,27.2,90.0,0,69
2025-03-11,Tuesday,Dosa,429,27.2,102.0,0,125
2025-03-11,Tuesday,Idli,429,27.2,115.0,0,121
2025-03-12,Wednesday,Meals,519,26.9,151.0,0,197
2025-03-12,Wednesday,Variety Rice,519,26.9,90.0,0,106
2025-03-12,Wednesday,Biryani,519,26.9,69.0,0,124
2025-03-12,Wednesday,Dosa,519,26.9,125.0,0,139
2025-03-12,Wednesday,Idli,519,26.9,121.0,0,126
2025-03-13,Thursday,Meals,424,26.7,197.0,0,150
2025-03-13,Thursday,Variety Rice,424,26.7,106.0,0,105
2025-03-13,Thursday,Biryani,424,26.7,124.0,0,116
2025-03-13,Thursday,Dosa,424,26.7,139.0,0,96
2025-03-13,Thursday,Idli,424,26.7,126.0,0,118
2025-03-14,Friday,Meals,392,26.0,150.0,0,99
2025-03-14,Friday,Variety Rice,392,26.0,105.0,0,80
2025-03-14,Friday,Biryani,392,26.0,116.0,0,206
2025-03-14,Friday,Dosa,392,26.0,96.0,0,88
2025-03-14,Friday,Idli,392,26.0,118.0,0,106
2025-03-15,Saturday,Meals,124,27.2,99.0,1,32
2025-03-15,Saturday,Variety Rice,124,27.2,80.0,1,26
2025-03-15,Saturday,Biryani,124,27.2,206.0,1,65
2025-03-15,Saturday,Dosa,124,27.2,88.0,1,59
2025-03-15,Saturday,Idli,124,27.2,106.0,1,24
2025-03-16,Sunday,Meals,148,27.6,32.0,1,23
2025-03-16,Sunday,Variety Rice,148,27.6,26.0,1,37
2025-03-16,Sunday,Biryani,148,27.6,65.0,1,58
2025-03-16,Sunday,Dosa,148,27.6,59.0,1,67
2025-03-16,Sunday,Idli,148,27.6,24.0,1,23
2025-03-17,Monday,Meals,394,24.3,23.0,0,130
2025-03-17,Monday,Variety Rice,394,24.3,37.0,0,84
2025-03-17,Monday,Biryani,394,24.3,58.0,0,61
2025-03-17,Monday,Dosa,394,24.3,67.0,0,100
2025-03-17,Monday,Idli,394,24.3,23.0,0,91
2025-03-18,Tuesday,Meals,411,27.5,130.0,0,144
2025-03-18,Tuesday,Variety Rice,411,27.5,84.0,0,91
2025-03-18,Tuesday,Biryani,411,27.5,61.0,0,65
2025-03-18,Tuesday,Dosa,411,27.5,100.0,0,98
2025-03-18,Tuesday,Idli,411,27.5,91.0,0,115
2025-03-19,Wednesday,Meals,493,26.7,144.0,0,171
2025-03-19,Wednesday,Variety Rice,493,26.7,91.0,0,114
2025-03-19,Wednesday,Biryani,493,26.7,65.0,0,117
2025-03-19,Wednesday,Dosa,493,26.7,98.0,0,95
2025-03-19,Wednesday,Idli,493,26.7,115.0,0,121
2025-03-20,Thursday,Meals,451,28.9,171.0,0,177
2025-03-20,Thursday,Variety Rice,451,28.9,114.0,0,97
2025-03-20,Thursday,Biryani,451,28.9,117.0,0,93
2025-03-20,Thursday,Dosa,451,28.9,95.0,0,110
2025-03-20,Thursday,Idli,451,28.9,121.0,0,130
2025-03-21,Friday,Meals,421,28.5,177.0,0,113
2025-03-21,Friday,Variety Rice,421,28.5,97.0,0,89
2025-03-21,Friday,Biryani,421,28.5,93.0,0,212
2025-03-21,Friday,Dosa,421,28.5,110.0,0,110
2025-03-21,Friday,Idli,421,28.5,130.0,0,108
2025-03-22,Saturday,Meals,181,28.6,113.0,1,79
2025-03-22,Saturday,Variety Rice,181,28.6,89.0,1,44
2025-03-22,Saturday,Biryani,181,28.6,212.0,1,93
2025-03-22,Saturday,Dosa,181,28.6,110.0,1,79
2025-03-22,Saturday,Idli,181,28.6,108.0,1,30
2025-03-23,Sunday,Meals,83,26.4,79.0,1,18
2025-03-23,Sunday,Variety Rice,83,26.4,44.0,1,17
2025-03-23,Sunday,Biryani,83,26.4,93.0,1,64
2025-03-23,Sunday,Dosa,83,26.4,79.0,1,37
2025-03-23,Sunday,Idli,83,26.4,30.0,1,11
2025-03-24,Monday,Meals,371,29.9,18.0,0,123
2025-03-24,Monday,Variety Rice,371,29.9,17.0,0,81
2025-03-24,Monday,Biryani,371,29.9,64.0,0,48
2025-03-24,Monday,Dosa,371,29.9,37.0,0,95
2025-03-24,Monday,Idli,371,29.9,11.0,0,102
2025-03-25,Tuesday,Meals,485,27.7,123.0,0,206
2025-03-25,Tuesday,Variety Rice,485,27.7,81.0,0,108
2025-03-25,Tuesday,Biryani,485,27.7,48.0,0,96
2025-03-25,Tuesday,Dosa,485,27.7,95.0,0,115
2025-03-25,Tuesday,Idli,485,27.7,102.0,0,117
2025-03-26,Wednesday,Meals,425,30.1,206.0,0,169
2025-03-26,Wednesday,Variety Rice,425,30.1,108.0,0,91
2025-03-26,Wednesday,Biryani,425,30.1,96.0,0,92
2025-03-26,Wednesday,Dosa,425,30.1,115.0,0,111
2025-03-26,Wednesday,Idli,425,30.1,117.0,0,122
2025-03-27,Thursday,Meals,449,27.8,169.0,0,160
2025-03-27,Thursday,Variety Rice,449,27.8,91.0,0,95
2025-03-27,Thursday,Biryani,449,27.8,92.0,0,95
2025-03-27,Thursday,Dosa,449,27.8,111.0,0,121
2025-03-27,Thursday,Idli,449,27.8,122.0,0,109
2025-03-28,Friday,Meals,457,30.4,160.0,0,130
2025-03-28,Friday,Variety Rice,457,30.4,95.0,0,121
2025-03-28,Friday,Biryani,457,30.4,95.0,0,226
2025-03-28,Friday,Dosa,457,30.4,121.0,0,103
2025-03-28,Friday,Idli,457,30.4,109.0,0,101
2025-03-29,Saturday,Meals,146,31.7,130.0,1,56
2025-03-29,Saturday,Variety Rice,146,31.7,121.0,1,45
2025-03-29,Saturday,Biryani,146,31.7,226.0,1,47
2025-03-29,Saturday,Dosa,146,31.7,103.0,1,93
2025-03-29,Saturday,Idli,146,31.7,101.0,1,41
2025-03-30,Sunday,Meals,148,29.3,56.0,1,52
2025-03-30,Sunday,Variety Rice,148,29.3,45.0,1,36
2025-03-30,Sunday,Biryani,148,29.3,47.0,1,54
2025-03-30,Sunday,Dosa,148,29.3,93.0,1,71
2025-03-30,Sunday,Idli,148,29.3,41.0,1,52
2025-03-31,Monday,Meals,523,31.6,52.0,0,176
2025-03-31,Monday,Variety Rice,523,31.6,36.0,0,99
2025-03-31,Monday,Biryani,523,31.6,54.0,0,98
2025-03-31,Monday,Dosa,523,31.6,71.0,0,126
2025-03-31,Monday,Idli,523,31.6,52.0,0,160
2025-04-01,Tuesday,Meals,521,26.3,176.0,0,198
2025-04-01,Tuesday,Variety Rice,521,26.3,99.0,0,112
2025-04-01,Tuesday,Biryani,521,26.3,98.0,0,89
2025-04-01,Tuesday,Dosa,521,26.3,126.0,0,115
2025-04-01,Tuesday,Idli,521,26.3,160.0,0,150
2025-04-02,Wednesday,Meals,408,29.6,198.0,0,145
2025-04-02,Wednesday,Variety Rice,408,29.6,112.0,0,90
2025-04-02,Wednesday,Biryani,408,29.6,89.0,0,106
2025-04-02,Wednesday,Dosa,408,29.6,115.0,0,101
2025-04-02,Wednesday,Idli,408,29.6,150.0,0,96
2025-04-03,Thursday,Meals,449,29.1,145.0,0,136
2025-04-03,Thursday,Variety Rice,449,29.1,90.0,0,99
2025-04-03,Thursday,Biryani,449,29.1,106.0,0,87
2025-04-03,Thursday,Dosa,449,29.1,101.0,0,119
2025-04-03,Thursday,Idli,449,29.1,96.0,0,134
2025-04-04,Friday,Meals,400,31.7,136.0,0,93
2025-04-04,Friday,Variety Rice,400,31.7,99.0,0,115
2025-04-04,Friday,Biryani,400,31.7,87.0,0,208
2025-04-04,Friday,Dosa,400,31.7,119.0,0,102
2025-04-04,Friday,Idli,400,31.7,134.0,0,107
2025-04-05,Saturday,Meals,126,30.1,93.0,1,36
2025-04-05,Saturday,Variety Rice,126,30.1,115.0,1,31
2025-04-05,Saturday,Biryani,126,30.1,208.0,1,54
2025-04-05,Saturday,Dosa,126,30.1,102.0,1,51
2025-04-05,Saturday,Idli,126,30.1,107.0,1,28
2025-04-06,Sunday,Meals,123,30.1,36.0,1,51
2025-04-06,Sunday,Variety Rice,123,30.1,31.0,1,10
2025-04-06,Sunday,Biryani,123,30.1,54.0,1,71
2025-04-06,Sunday,Dosa,123,30.1,51.0,1,62
2025-04-06,Sunday,Idli,123,30.1,28.0,1,10
2025-04-07,Monday,Meals,445,29.4,51.0,0,136
2025-04-07,Monday,Variety Rice,445,29.4,10.0,0,81
2025-04-07,Monday,Biryani,445,29.4,71.0,0,69
2025-04-07,Monday,Dosa,445,29.4,62.0,0,124
2025-04-07,Monday,Idli,445,29.4,10.0,0,130
2025-04-08,Tuesday,Meals,488,32.4,136.0,0,168
2025-04-08,Tuesday,Variety Rice,488,32.4,81.0,0,128
2025-04-08,Tuesday,Biryani,488,32.4,69.0,0,102
2025-04-08,Tuesday,Dosa,488,32.4,124.0,0,111
2025-04-08,Tuesday,Idli,488,32.4,130.0,0,136
2025-04-09,Wednesday,Meals,445,29.8,168.0,0,179
2025-04-09,Wednesday,Variety Rice,445,29.8,128.0,0,108
2025-04-09,Wednesday,Biryani,445,29.8,102.0,0,84
2025-04-09,Wednesday,Dosa,445,29.8,111.0,0,125
2025-04-09,Wednesday,Idli,445,29.8,136.0,0,108
2025-04-10,Thursday,Meals,483,31.5,179.0,0,183
2025-04-10,Thursday,Variety Rice,483,31.5,108.0,0,112
2025-04-10,Thursday,Biryani,483,31.5,84.0,0,76
2025-04-10,Thursday,Dosa,483,31.5,125.0,0,134
2025-04-10,Thursday,Idli,483,31.5,108.0,0,123
2025-04-11,Friday,Meals,446,29.5,183.0,0,117
2025-04-11,Friday,Variety Rice,446,29.5,112.0,0,87
2025-04-11,Friday,Biryani,446,29.5,76.0,0,206
2025-04-11,Friday,Dosa,446,29.5,134.0,0,123
2025-04-11,Friday,Idli,446,29.5,123.0,0,105
2025-04-12,Saturday,Meals,77,33.7,117.0,1,46
2025-04-12,Saturday,Variety Rice,77,33.7,87.0,1,27
2025-04-12,Saturday,Biryani,77,33.7,206.0,1,36
2025-04-12,Saturday,Dosa,77,33.7,123.0,1,32
2025-04-12,Saturday,Idli,77,33.7,105.0,1,25
2025-04-13,Sunday,Meals,157,30.6,46.0,1,50
2025-04-13,Sunday,Variety Rice,157,30.6,27.0,1,35
2025-04-13,Sunday,Biryani,157,30.6,36.0,1,64
2025-04-13,Sunday,Dosa,157,30.6,32.0,1,60
2025-04-13,Sunday,Idli,157,30.6,25.0,1,37
2025-04-14,Monday,Meals,96,27.7,50.0,1,33
2025-04-14,Monday,Variety Rice,96,27.7,35.0,1,21
2025-04-14,Monday,Biryani,96,27.7,64.0,1,27
2025-04-14,Monday,Dosa,96,27.7,60.0,1,27
2025-04-14,Monday,Idli,96,27.7,37.0,1,26
2025-04-15,Tuesday,Meals,428,29.9,33.0,0,146
2025-04-15,Tuesday,Variety Rice,428,29.9,21.0,0,77
2025-04-15,Tuesday,Biryani,428,29.9,27.0,0,84
2025-04-15,Tuesday,Dosa,428,29.9,27.0,0,77
2025-04-15,Tuesday,Idli,428,29.9,26.0,0,111
2025-04-16,Wednesday,Meals,470,31.9,146.0,0,188
2025-04-16,Wednesday,Variety Rice,470,31.9,77.0,0,119
2025-04-16,Wednesday,Biryani,470,31.9,84.0,0,108
2025-04-16,Wednesday,Dosa,470,31.9,77.0,0,93
2025-04-16,Wednesday,Idli,470,31.9,111.0,0,110
2025-04-17,Thursday,Meals,461,30.0,188.0,0,186
2025-04-17,Thursday,Variety Rice,461,30.0,119.0,0,98
2025-04-17,Thursday,Biryani,461,30.0,108.0,0,96
2025-04-17,Thursday,Dosa,461,30.0,93.0,0,105
2025-04-17,Thursday,Idli,461,30.0,110.0,0,114
2025-04-18,Friday,Meals,377,28.7,186.0,0,91
2025-04-18,Friday,Variety Rice,377,28.7,98.0,0,75
2025-04-18,Friday,Biryani,377,28.7,96.0,0,211
2025-04-18,Friday,Dosa,377,28.7,105.0,0,84
2025-04-18,Friday,Idli,377,28.7,114.0,0,125
2025-04-19,Saturday,Meals,134,32.2,91.0,1,36
2025-04-19,Saturday,Variety Rice,134,32.2,75.0,1,49
2025-04-19,Saturday,Biryani,134,32.2,211.0,1,49
2025-04-19,Saturday,Dosa,134,32.2,84.0,1,59
2025-04-19,Saturday,Idli,134,32.2,125.0,1,65
2025-04-20,Sunday,Meals,158,31.3,36.0,1,39
2025-04-20,Sunday,Variety Rice,158,31.3,49.0,1,36
2025-04-20,Sunday,Biryani,158,31.3,49.0,1,97
2025-04-20,Sunday,Dosa,158,31.3,59.0,1,58
2025-04-20,Sunday,Idli,158,31.3,65.0,1,57
2025-04-21,Monday,Meals,437,32.8,39.0,0,155
2025-04-21,Monday,Variety Rice,437,32.8,36.0,0,124
2025-04-21,Monday,Biryani,437,32.8,97.0,0,96
2025-04-21,Monday,Dosa,437,32.8,58.0,0,85
2025-04-21,Monday,Idli,437,32.8,57.0,0,117
2025-04-22,Tuesday,Meals,457,31.2,155.0,0,180
2025-04-22,Tuesday,Variety Rice,457,31.2,124.0,0,107
2025-04-22,Tuesday,Biryani,457,31.2,96.0,0,71
2025-04-22,Tuesday,Dosa,457,31.2,85.0,0,115
2025-04-22,Tuesday,Idli,457,31.2,117.0,0,126
2025-04-23,Wednesday,Meals,503,32.8,180.0,0,204
2025-04-23,Wednesday,Variety Rice,503,32.8,107.0,0,146
2025-04-23,Wednesday,Biryani,503,32.8,71.0,0,97
2025-04-23,Wednesday,Dosa,503,32.8,115.0,0,109
2025-04-23,Wednesday,Idli,503,32.8,126.0,0,137
2025-04-24,Thursday,Meals,470,32.2,204.0,0,170
2025-04-24,Thursday,Variety Rice,470,32.2,146.0,0,126
2025-04-24,Thursday,Biryani,470,32.2,97.0,0,109
2025-04-24,Thursday,Dosa,470,32.2,109.0,0,118
2025-04-24,Thursday,Idli,470,32.2,137.0,0,132
2025-04-25,Friday,Meals,411,32.0,170.0,0,125
2025-04-25,Friday,Variety Rice,411,32.0,126.0,0,90
2025-04-25,Friday,Biryani,411,32.0,109.0,0,216
2025-04-25,Friday,Dosa,411,32.0,118.0,0,100
2025-04-25,Friday,Idli,411,32.0,132.0,0,105
2025-04-26,Saturday,Meals,135,31.5,125.0,1,46
2025-04-26,Saturday,Variety Rice,135,31.5,90.0,1,48
2025-04-26,Saturday,Biryani,135,31.5,216.0,1,45
2025-04-26,Saturday,Dosa,135,31.5,100.0,1,59
2025-04-26,Saturday,Idli,135,31.5,105.0,1,33
2025-04-27,Sunday,Meals,134,34.8,46.0,1,46
2025-04-27,Sunday,Variety Rice,134,34.8,48.0,1,24
2025-04-27,Sunday,Biryani,134,34.8,45.0,1,63
2025-04-27,Sunday,Dosa,134,34.8,59.0,1,64
2025-04-27,Sunday,Idli,134,34.8,33.0,1,29
2025-04-28,Monday,Meals,439,34.2,46.0,0,150
2025-04-28,Monday,Variety Rice,439,34.2,24.0,0,136
2025-04-28,Monday,Biryani,439,34.2,63.0,0,79
2025-04-28,Monday,Dosa,439,34.2,64.0,0,99
2025-04-28,Monday,Idli,439,34.2,29.0,0,136
2025-04-29,Tuesday,Meals,439,35.2,150.0,0,144
2025-04-29,Tuesday,Variety Rice,439,35.2,136.0,0,124
2025-04-29,Tuesday,Biryani,439,35.2,79.0,0,66
2025-04-29,Tuesday,Dosa,439,35.2,99.0,0,99
2025-04-29,Tuesday,Idli,439,35.2,136.0,0,107
2025-04-30,Wednesday,Meals,458,31.1,144.0,0,174
2025-04-30,Wednesday,Variety Rice,458,31.1,124.0,0,121
2025-04-30,Wednesday,Biryani,458,31.1,66.0,0,73
2025-04-30,Wednesday,Dosa,458,31.1,99.0,0,124
2025-04-30,Wednesday,Idli,458,31.1,107.0,0,117
2025-05-01,Thursday,Meals,146,32.5,174.0,1,50
2025-05-01,Thursday,Variety Rice,146,32.5,121.0,1,56
2025-05-01,Thursday,Biryani,146,32.5,73.0,1,51
2025-05-01,Thursday,Dosa,146,32.5,124.0,1,59
2025-05-01,Thursday,Idli,146,32.5,117.0,1,45
2025-05-02,Friday,Meals,387,37.1,50.0,0,72
2025-05-02,Friday,Variety Rice,387,37.1,56.0,0,97
2025-05-02,Friday,Biryani,387,37.1,51.0,0,188
2025-05-02,Friday,Dosa,387,37.1,59.0,0,83
2025-05-02,Friday,Idli,387,37.1,45.0,0,105
2025-05-03,Saturday,Meals,115,35.3,72.0,1,20
2025-05-03,Saturday,Variety Rice,115,35.3,97.0,1,44
2025-05-03,Saturday,Biryani,115,35.3,188.0,1,41
2025-05-03,Saturday,Dosa,115,35.3,83.0,1,56
2025-05-03,Saturday,Idli,115,35.3,105.0,1,34
2025-05-04,Sunday,Meals,168,30.1,20.0,1,71
2025-05-04,Sunday,Variety Rice,168,30.1,44.0,1,33
2025-05-04,Sunday,Biryani,168,30.1,41.0,1,69
2025-05-04,Sunday,Dosa,168,30.1,56.0,1,72
2025-05-04,Sunday,Idli,168,30.1,34.0,1,41
2025-05-05,Monday,Meals,540,34.1,71.0,0,169
2025-05-05,Monday,Variety Rice,540,34.1,33.0,0,134
2025-05-05,Monday,Biryani,540,34.1,69.0,0,84
2025-05-05,Monday,Dosa,540,34.1,72.0,0,122
2025-05-05,Monday,Idli,540,34.1,41.0,0,153
2025-05-06,Tuesday,Meals,439,36.2,169.0,0,154
2025-05-06,Tuesday,Variety Rice,439,36.2,134.0,0,126
2025-05-06,Tuesday,Biryani,439,36.2,84.0,0,104
2025-05-06,Tuesday,Dosa,439,36.2,122.0,0,140
2025-05-06,Tuesday,Idli,439,36.2,153.0,0,114
2025-05-07,Wednesday,Meals,501,32.2,154.0,0,198
2025-05-07,Wednesday,Variety Rice,501,32.2,126.0,0,161
2025-05-07,Wednesday,Biryani,501,32.2,104.0,0,109
2025-05-07,Wednesday,Dosa,501,32.2,140.0,0,127
2025-05-07,Wednesday,Idli,501,32.2,114.0,0,137
2025-05-08,Thursday,Meals,492,35.1,198.0,0,180
2025-05-08,Thursday,Variety Rice,492,35.1,161.0,0,155
2025-05-08,Thursday,Biryani,492,35.1,109.0,0,117
2025-05-08,Thursday,Dosa,492,35.1,127.0,0,142
2025-05-08,Thursday,Idli,492,35.1,137.0,0,138
2025-05-09,Friday,Meals,415,32.9,180.0,0,131
2025-05-09,Friday,Variety Rice,415,32.9,155.0,0,114
2025-05-09,Friday,Biryani,415,32.9,117.0,0,223
2025-05-09,Friday,Dosa,415,32.9,142.0,0,105
2025-05-09,Friday,Idli,415,32.9,138.0,0,112
2025-05-10,Saturday,Meals,134,35.6,131.0,1,47
2025-05-10,Saturday,Variety Rice,134,35.6,114.0,1,33
2025-05-10,Saturday,Biryani,134,35.6,223.0,1,70
2025-05-10,Saturday,Dosa,134,35.6,105.0,1,68
2025-05-10,Saturday,Idli,134,35.6,112.0,1,59
2025-05-11,Sunday,Meals,135,32.8,47.0,1,43
2025-05-11,Sunday,Variety Rice,135,32.8,33.0,1,53
2025-05-11,Sunday,Biryani,135,32.8,70.0,1,60
2025-05-11,Sunday,Dosa,135,32.8,68.0,1,59
2025-05-11,Sunday,Idli,135,32.8,59.0,1,38
2025-05-12,Monday,Meals,442,33.8,43.0,0,153
2025-05-12,Monday,Variety Rice,442,33.8,53.0,0,128
2025-05-12,Monday,Biryani,442,33.8,60.0,0,69
2025-05-12,Monday,Dosa,442,33.8,59.0,0,105
2025-05-12,Monday,Idli,442,33.8,38.0,0,117
2025-05-13,Tuesday,Meals,399,35.7,153.0,0,129
2025-05-13,Tuesday,Variety Rice,399,35.7,128.0,0,119
2025-05-13,Tuesday,Biryani,399,35.7,69.0,0,100
2025-05-13,Tuesday,Dosa,399,35.7,105.0,0,99
2025-05-13,Tuesday,Idli,399,35.7,117.0,0,99
2025-05-14,Wednesday,Meals,402,37.0,129.0,0,106
2025-05-14,Wednesday,Variety Rice,402,37.0,119.0,0,119
2025-05-14,Wednesday,Biryani,402,37.0,100.0,0,73
2025-05-14,Wednesday,Dosa,402,37.0,99.0,0,88
2025-05-14,Wednesday,Idli,402,37.0,99.0,0,110
2025-05-15,Thursday,Meals,437,34.1,106.0,0,126
2025-05-15,Thursday,Variety Rice,437,34.1,119.0,0,133
2025-05-15,Thursday,Biryani,437,34.1,73.0,0,94
2025-05-15,Thursday,Dosa,437,34.1,88.0,0,106
2025-05-15,Thursday,Idli,437,34.1,110.0,0,132
2025-05-16,Friday,Meals,356,31.8,126.0,0,84
2025-05-16,Friday,Variety Rice,356,31.8,133.0,0,84
2025-05-16,Friday,Biryani,356,31.8,94.0,0,188
2025-05-16,Friday,Dosa,356,31.8,106.0,0,86
2025-05-16,Friday,Idli,356,31.8,132.0,0,99
2025-05-17,Saturday,Meals,166,31.6,84.0,1,57
2025-05-17,Saturday,Variety Rice,166,31.6,84.0,1,54
2025-05-17,Saturday,Biryani,166,31.6,188.0,1,72
2025-05-17,Saturday,Dosa,166,31.6,86.0,1,78
2025-05-17,Saturday,Idli,166,31.6,99.0,1,51
2025-05-18,Sunday,Meals,146,34.7,57.0,1,56
2025-05-18,Sunday,Variety Rice,146,34.7,54.0,1,46
2025-05-18,Sunday,Biryani,146,34.7,72.0,1,78
2025-05-18,Sunday,Dosa,146,34.7,78.0,1,61
2025-05-18,Sunday,Idli,146,34.7,51.0,1,48
2025-05-19,Monday,Meals,532,32.7,56.0,0,186
2025-05-19,Monday,Variety Rice,532,32.7,46.0,0,127
2025-05-19,Monday,Biryani,532,32.7,78.0,0,106
2025-05-19,Monday,Dosa,532,32.7,61.0,0,119
2025-05-19,Monday,Idli,532,32.7,48.0,0,160
2025-05-20,Tuesday,Meals,442,32.8,186.0,0,149
2025-05-20,Tuesday,Variety Rice,442,32.8,127.0,0,122
2025-05-20,Tuesday,Biryani,442,32.8,106.0,0,53
2025-05-20,Tuesday,Dosa,442,32.8,119.0,0,95
2025-05-20,Tuesday,Idli,442,32.8,160.0,0,129
2025-05-21,Wednesday,Meals,477,35.5,149.0,0,150
2025-05-21,Wednesday,Variety Rice,477,35.5,122.0,0,135
2025-05-21,Wednesday,Biryani,477,35.5,53.0,0,91
2025-05-21,Wednesday,Dosa,477,35.5,95.0,0,105
2025-05-21,Wednesday,Idli,477,35.5,129.0,0,141
2025-05-22,Thursday,Meals,451,35.7,150.0,0,153
2025-05-22,Thursday,Variety Rice,451,35.7,135.0,0,132
2025-05-22,Thursday,Biryani,451,35.7,91.0,0,59
2025-05-22,Thursday,Dosa,451,35.7,105.0,0,110
2025-05-22,Thursday,Idli,451,35.7,141.0,0,114
2025-05-23,Friday,Meals,400,32.4,153.0,0,130
2025-05-23,Friday,Variety Rice,400,32.4,132.0,0,122
2025-05-23,Friday,Biryani,400,32.4,59.0,0,195
2025-05-23,Friday,Dosa,400,32.4,110.0,0,107
2025-05-23,Friday,Idli,400,32.4,114.0,0,118
2025-05-24,Saturday,Meals,131,35.9,130.0,1,37
2025-05-24,Saturday,Variety Rice,131,35.9,122.0,1,54
2025-05-24,Saturday,Biryani,131,35.9,195.0,1,61
2025-05-24,Saturday,Dosa,131,35.9,107.0,1,70
2025-05-24,Saturday,Idli,131,35.9,118.0,1,44
2025-05-25,Sunday,Meals,116,36.2,37.0,1,41
2025-05-25,Sunday,Variety Rice,116,36.2,54.0,1,36
2025-05-25,Sunday,Biryani,116,36.2,61.0,1,83
2025-05-25,Sunday,Dosa,116,36.2,70.0,1,40
2025-05-25,Sunday,Idli,116,36.2,44.0,1,42
2025-05-26,Monday,Meals,433,34.7,41.0,0,124
2025-05-26,Monday,Variety Rice,433,34.7,36.0,0,110
2025-05-26,Monday,Biryani,433,34.7,83.0,0,91
2025-05-26,Monday,Dosa,433,34.7,40.0,0,104
2025-05-26,Monday,Idli,433,34.7,42.0,0,116
2025-05-27,Tuesday,Meals,545,34.4,124.0,0,202
2025-05-27,Tuesday,Variety Rice,545,34.4,110.0,0,157
2025-05-27,Tuesday,Biryani,545,34.4,91.0,0,109
2025-05-27,Tuesday,Dosa,545,34.4,104.0,0,137
2025-05-27,Tuesday,Idli,545,34.4,116.0,0,149
2025-05-28,Wednesday,Meals,449,32.6,202.0,0,157
2025-05-28,Wednesday,Variety Rice,449,32.6,157.0,0,136
2025-05-28,Wednesday,Biryani,449,32.6,109.0,0,100
2025-05-28,Wednesday,Dosa,449,32.6,137.0,0,112
2025-05-28,Wednesday,Idli,449,32.6,149.0,0,137
2025-05-29,Thursday,Meals,401,32.3,157.0,0,155
2025-05-29,Thursday,Variety Rice,401,32.3,136.0,0,127
2025-05-29,Thursday,Biryani,401,32.3,100.0,0,105
2025-05-29,Thursday,Dosa,401,32.3,112.0,0,96
2025-05-29,Thursday,Idli,401,32.3,137.0,0,118
2025-05-30,Friday,Meals,403,34.5,155.0,0,109
2025-05-30,Friday,Variety Rice,403,34.5,127.0,0,122
2025-05-30,Friday,Biryani,403,34.5,105.0,0,186
2025-05-30,Friday,Dosa,403,34.5,96.0,0,116
2025-05-30,Friday,Idli,403,34.5,118.0,0,120
2025-05-31,Saturday,Meals,139,33.5,109.0,1,57
2025-05-31,Saturday,Variety Rice,139,33.5,122.0,1,52
2025-05-31,Saturday,Biryani,139,33.5,186.0,1,49
2025-05-31,Saturday,Dosa,139,33.5,116.0,1,58
2025-05-31,Saturday,Idli,139,33.5,120.0,1,40
2025-06-01,Sunday,Meals,143,36.7,57.0,1,34
2025-06-01,Sunday,Variety Rice,143,36.7,52.0,1,50
2025-06-01,Sunday,Biryani,143,36.7,49.0,1,21
2025-06-01,Sunday,Dosa,143,36.7,58.0,1,71
2025-06-01,Sunday,Idli,143,36.7,40.0,1,14
2025-06-02,Monday,Meals,415,34.0,34.0,0,123
2025-06-02,Monday,Variety Rice,415,34.0,50.0,0,122
2025-06-02,Monday,Biryani,415,34.0,21.0,0,68
2025-06-02,Monday,Dosa,415,34.0,71.0,0,102
2025-06-02,Monday,Idli,415,34.0,14.0,0,112
2025-06-03,Tuesday,Meals,463,35.6,123.0,0,137
2025-06-03,Tuesday,Variety Rice,463,35.6,122.0,0,142
2025-06-03,Tuesday,Biryani,463,35.6,68.0,0,82
2025-06-03,Tuesday,Dosa,463,35.6,102.0,0,98
2025-06-03,Tuesday,Idli,463,35.6,112.0,0,116
2025-06-04,Wednesday,Meals,494,37.4,137.0,0,161
2025-06-04,Wednesday,Variety Rice,494,37.4,142.0,0,139
2025-06-04,Wednesday,Biryani,494,37.4,82.0,0,92
2025-06-04,Wednesday,Dosa,494,37.4,98.0,0,145
2025-06-04,Wednesday,Idli,494,37.4,116.0,0,133
2025-06-05,Thursday,Meals,501,35.5,161.0,0,174
2025-06-05,Thursday,Variety Rice,501,35.5,139.0,0,142
2025-06-05,Thursday,Biryani,501,35.5,92.0,0,96
2025-06-05,Thursday,Dosa,501,35.5,145.0,0,130
2025-06-05,Thursday,Idli,501,35.5,133.0,0,133
2025-06-06,Friday,Meals,411,36.1,174.0,0,112
2025-06-06,Friday,Variety Rice,411,36.1,142.0,0,119
2025-06-06,Friday,Biryani,411,36.1,96.0,0,214
2025-06-06,Friday,Dosa,411,36.1,130.0,0,85
2025-06-06,Friday,Idli,411,36.1,133.0,0,119
2025-06-07,Saturday,Meals,154,35.4,112.0,1,16
2025-06-07,Saturday,Variety Rice,154,35.4,119.0,1,75
2025-06-07,Saturday,Biryani,154,35.4,214.0,1,63
2025-06-07,Saturday,Dosa,154,35.4,85.0,1,79
2025-06-07,Saturday,Idli,154,35.4,119.0,1,34
2025-06-08,Sunday,Meals,103,35.9,16.0,1,10
2025-06-08,Sunday,Variety Rice,103,35.9,75.0,1,51
2025-06-08,Sunday,Biryani,103,35.9,63.0,1,43
2025-06-08,Sunday,Dosa,103,35.9,79.0,1,45
2025-06-08,Sunday,Idli,103,35.9,34.0,1,28
2025-06-09,Monday,Meals,466,35.8,10.0,0,141
2025-06-09,Monday,Variety Rice,466,35.8,51.0,0,148
2025-06-09,Monday,Biryani,466,35.8,43.0,0,87
2025-06-09,Monday,Dosa,466,35.8,45.0,0,110
2025-06-09,Monday,Idli,466,35.8,28.0,0,140
2025-06-10,Tuesday,Meals,507,36.9,141.0,0,178
2025-06-10,Tuesday,Variety Rice,507,36.9,148.0,0,136
2025-06-10,Tuesday,Biryani,507,36.9,87.0,0,125
2025-06-10,Tuesday,Dosa,507,36.9,110.0,0,115
2025-06-10,Tuesday,Idli,507,36.9,140.0,0,138
2025-06-11,Wednesday,Meals,457,33.6,178.0,0,180
2025-06-11,Wednesday,Variety Rice,457,33.6,136.0,0,135
2025-06-11,Wednesday,Biryani,457,33.6,125.0,0,100
2025-06-11,Wednesday,Dosa,457,33.6,115.0,0,134
2025-06-11,Wednesday,Idli,457,33.6,138.0,0,127
2025-06-12,Thursday,Meals,498,34.5,180.0,0,188
2025-06-12,Thursday,Variety Rice,498,34.5,135.0,0,131
2025-06-12,Thursday,Biryani,498,34.5,100.0,0,109
2025-06-12,Thursday,Dosa,498,34.5,134.0,0,137
2025-06-12,Thursday,Idli,498,34.5,127.0,0,129
2025-06-13,Friday,Meals,404,37.4,188.0,0,105
2025-06-13,Friday,Variety Rice,404,37.4,131.0,0,115
2025-06-13,Friday,Biryani,404,37.4,109.0,0,211
2025-06-13,Friday,Dosa,404,37.4,137.0,0,94
2025-06-13,Friday,Idli,404,37.4,129.0,0,93
2025-06-14,Saturday,Meals,108,37.8,105.0,1,21
2025-06-14,Saturday,Variety Rice,108,37.8,115.0,1,17
2025-06-14,Saturday,Biryani,108,37.8,211.0,1,39
2025-06-14,Saturday,Dosa,108,37.8,94.0,1,33
2025-06-14,Saturday,Idli,108,37.8,93.0,1,45
2025-06-15,Sunday,Meals,112,36.8,21.0,1,49
2025-06-15,Sunday,Variety Rice,112,36.8,17.0,1,38
2025-06-15,Sunday,Biryani,112,36.8,39.0,1,43
2025-06-15,Sunday,Dosa,112,36.8,33.0,1,13
2025-06-15,Sunday,Idli,112,36.8,45.0,1,46
2025-06-16,Monday,Meals,394,32.5,49.0,0,145
2025-06-16,Monday,Variety Rice,394,32.5,38.0,0,127
2025-06-16,Monday,Biryani,394,32.5,43.0,0,94
2025-06-16,Monday,Dosa,394,32.5,13.0,0,91
2025-06-16,Monday,Idli,394,32.5,46.0,0,116
2025-06-17,Tuesday,Meals,490,36.5,145.0,0,169
2025-06-17,Tuesday,Variety Rice,490,36.5,127.0,0,141
2025-06-17,Tuesday,Biryani,490,36.5,94.0,0,96
2025-06-17,Tuesday,Dosa,490,36.5,91.0,0,112
2025-06-17,Tuesday,Idli,490,36.5,116.0,0,125
2025-06-18,Wednesday,Meals,456,31.9,169.0,0,163
2025-06-18,Wednesday,Variety Rice,456,31.9,141.0,0,96
2025-06-18,Wednesday,Biryani,456,31.9,96.0,0,93
2025-06-18,Wednesday,Dosa,456,31.9,112.0,0,130
2025-06-18,Wednesday,Idli,456,31.9,125.0,0,130
2025-06-19,Thursday,Meals,420,32.2,163.0,0,171
2025-06-19,Thursday,Variety Rice,420,32.2,96.0,0,107
2025-06-19,Thursday,Biryani,420,32.2,93.0,0,80
2025-06-19,Thursday,Dosa,420,32.2,130.0,0,115
2025-06-19,Thursday,Idli,420,32.2,130.0,0,102
2025-06-20,Friday,Meals,363,35.2,171.0,0,84
2025-06-20,Friday,Variety Rice,363,35.2,107.0,0,106
2025-06-20,Friday,Biryani,363,35.2,80.0,0,163
2025-06-20,Friday,Dosa,363,35.2,115.0,0,97
2025-06-20,Friday,Idli,363,35.2,102.0,0,93
2025-06-21,Saturday,Meals,135,36.0,84.0,1,56
2025-06-21,Saturday,Variety Rice,135,36.0,106.0,1,48
2025-06-21,Saturday,Biryani,135,36.0,163.0,1,47
2025-06-21,Saturday,Dosa,135,36.0,97.0,1,62
2025-06-21,Saturday,Idli,135,36.0,93.0,1,41
2025-06-22,Sunday,Meals,131,35.1,56.0,1,25
2025-06-22,Sunday,Variety Rice,131,35.1,48.0,1,32
2025-06-22,Sunday,Biryani,131,35.1,47.0,1,37
2025-06-22,Sunday,Dosa,131,35.1,62.0,1,72
2025-06-22,Sunday,Idli,131,35.1,41.0,1,16
2025-06-23,Monday,Meals,431,33.7,25.0,0,154
2025-06-23,Monday,Variety Rice,431,33.7,32.0,0,109
2025-06-23,Monday,Biryani,431,33.7,37.0,0,99
2025-06-23,Monday,Dosa,431,33.7,72.0,0,95
2025-06-23,Monday,Idli,431,33.7,16.0,0,120
2025-06-24,Tuesday,Meals,545,33.5,154.0,0,192
2025-06-24,Tuesday,Variety Rice,545,33.5,109.0,0,156
2025-06-24,Tuesday,Biryani,545,33.5,99.0,0,118
2025-06-24,Tuesday,Dosa,545,33.5,95.0,0,139
2025-06-24,Tuesday,Idli,545,33.5,120.0,0,141
2025-06-25,Wednesday,Meals,461,34.7,192.0,0,161
2025-06-25,Wednesday,Variety Rice,461,34.7,156.0,0,145
2025-06-25,Wednesday,Biryani,461,34.7,118.0,0,127
2025-06-25,Wednesday,Dosa,461,34.7,139.0,0,114
2025-06-25,Wednesday,Idli,461,34.7,141.0,0,110
2025-06-26,Thursday,Meals,563,34.8,161.0,0,183
2025-06-26,Thursday,Variety Rice,563,34.8,145.0,0,178
2025-06-26,Thursday,Biryani,563,34.8,127.0,0,140
2025-06-26,Thursday,Dosa,563,34.8,114.0,0,136
2025-06-26,Thursday,Idli,563,34.8,110.0,0,152
2025-06-27,Friday,Meals,396,37.9,183.0,0,99
2025-06-27,Friday,Variety Rice,396,37.9,178.0,0,114
2025-06-27,Friday,Biryani,396,37.9,140.0,0,195
2025-06-27,Friday,Dosa,396,37.9,136.0,0,97
2025-06-27,Friday,Idli,396,37.9,152.0,0,96
2025-06-28,Saturday,Meals,110,35.0,99.0,1,35
2025-06-28,Saturday,Variety Rice,110,35.0,114.0,1,24
2025-06-28,Saturday,Biryani,110,35.0,195.0,1,53
2025-06-28,Saturday,Dosa,110,35.0,97.0,1,58
2025-06-28,Saturday,Idli,110,35.0,96.0,1,10
2025-06-29,Sunday,Meals,160,35.6,35.0,1,27
2025-06-29,Sunday,Variety Rice,160,35.6,24.0,1,61
2025-06-29,Sunday,Biryani,160,35.6,53.0,1,78
2025-06-29,Sunday,Dosa,160,35.6,58.0,1,58
2025-06-29,Sunday,Idli,160,35.6,10.0,1,32
2025-06-30,Monday,Meals,463,35.9,27.0,0,145
2025-06-30,Monday,Variety Rice,463,35.9,61.0,0,115
2025-06-30,Monday,Biryani,463,35.9,78.0,0,93
2025-06-30,Monday,Dosa,463,35.9,58.0,0,93
2025-06-30,Monday,Idli,463,35.9,32.0,0,128
2025-07-01,Tuesday,Meals,430,33.3,145.0,0,176
2025-07-01,Tuesday,Variety Rice,430,33.3,115.0,0,133
2025-07-01,Tuesday,Biryani,430,33.3,93.0,0,94
2025-07-01,Tuesday,Dosa,430,33.3,93.0,0,94
2025-07-01,Tuesday,Idli,430,33.3,128.0,0,111
2025-07-02,Wednesday,Meals,465,37.0,176.0,0,189
2025-07-02,Wednesday,Variety Rice,465,37.0,133.0,0,138
2025-07-02,Wednesday,Biryani,465,37.0,94.0,0,95
2025-07-02,Wednesday,Dosa,465,37.0,94.0,0,111
2025-07-02,Wednesday,Idli,465,37.0,111.0,0,122
2025-07-03,Thursday,Meals,488,34.6,189.0,0,183
2025-07-03,Thursday,Variety Rice,488,34.6,138.0,0,133
2025-07-03,Thursday,Biryani,488,34.6,95.0,0,77
2025-07-03,Thursday,Dosa,488,34.6,111.0,0,103
2025-07-03,Thursday,Idli,488,34.6,122.0,0,133
2025-07-04,Friday,Meals,334,32.8,183.0,0,99
2025-07-04,Friday,Variety Rice,334,32.8,133.0,0,123
2025-07-04,Friday,Biryani,334,32.8,77.0,0,171
2025-07-04,Friday,Dosa,334,32.8,103.0,0,92
2025-07-04,Friday,Idli,334,32.8,133.0,0,90
2025-07-05,Saturday,Meals,152,34.6,99.0,1,45
2025-07-05,Saturday,Variety Rice,152,34.6,123.0,1,57
2025-07-05,Saturday,Biryani,152,34.6,171.0,1,65
2025-07-05,Saturday,Dosa,152,34.6,92.0,1,60
2025-07-05,Saturday,Idli,152,34.6,90.0,1,50
2025-07-06,Sunday,Meals,111,34.4,45.0,1,31
2025-07-06,Sunday,Variety Rice,111,34.4,57.0,1,24
2025-07-06,Sunday,Biryani,111,34.4,65.0,1,50
2025-07-06,Sunday,Dosa,111,34.4,60.0,1,44
2025-07-06,Sunday,Idli,111,34.4,50.0,1,35
2025-07-07,Monday,Meals,458,35.6,31.0,0,147
2025-07-07,Monday,Variety Rice,458,35.6,24.0,0,133
2025-07-07,Monday,Biryani,458,35.6,50.0,0,95
2025-07-07,Monday,Dosa,458,35.6,44.0,0,105
2025-07-07,Monday,Idli,458,35.6,35.0,0,115
2025-07-08,Tuesday,Meals,447,32.8,147.0,0,161
2025-07-08,Tuesday,Variety Rice,447,32.8,133.0,0,127
2025-07-08,Tuesday,Biryani,447,32.8,95.0,0,90
2025-07-08,Tuesday,Dosa,447,32.8,105.0,0,118
2025-07-08,Tuesday,Idli,447,32.8,115.0,0,116
2025-07-09,Wednesday,Meals,462,35.5,161.0,0,134
2025-07-09,Wednesday,Variety Rice,462,35.5,127.0,0,123
2025-07-09,Wednesday,Biryani,462,35.5,90.0,0,89
2025-07-09,Wednesday,Dosa,462,35.5,118.0,0,104
2025-07-09,Wednesday,Idli,462,35.5,116.0,0,127
2025-07-10,Thursday,Meals,508,37.4,134.0,0,167
2025-07-10,Thursday,Variety Rice,508,37.4,123.0,0,159
2025-07-10,Thursday,Biryani,508,37.4,89.0,0,103
2025-07-10,Thursday,Dosa,508,37.4,104.0,0,123
2025-07-10,Thursday,Idli,508,37.4,127.0,0,128
2025-07-11,Friday,Meals,396,34.0,167.0,0,111
2025-07-11,Friday,Variety Rice,396,34.0,159.0,0,119
2025-07-11,Friday,Biryani,396,34.0,103.0,0,206
2025-07-11,Friday,Dosa,396,34.0,123.0,0,107
2025-07-11,Friday,Idli,396,34.0,128.0,0,117
2025-07-12,Saturday,Meals,92,36.2,111.0,1,10
2025-07-12,Saturday,Variety Rice,92,36.2,119.0,1,43
2025-07-12,Saturday,Biryani,92,36.2,206.0,1,22
2025-07-12,Saturday,Dosa,92,36.2,107.0,1,40
2025-07-12,Saturday,Idli,92,36.2,117.0,1,15
2025-07-13,Sunday,Meals,143,31.2,10.0,1,47
2025-07-13,Sunday,Variety Rice,143,31.2,43.0,1,26
2025-07-13,Sunday,Biryani,143,31.2,22.0,1,22
2025-07-13,Sunday,Dosa,143,31.2,40.0,1,49
2025-07-13,Sunday,Idli,143,31.2,15.0,1,33
2025-07-14,Monday,Meals,467,31.8,47.0,0,160
2025-07-14,Monday,Variety Rice,467,31.8,26.0,0,101
2025-07-14,Monday,Biryani,467,31.8,22.0,0,87
2025-07-14,Monday,Dosa,467,31.8,49.0,0,98
2025-07-14,Monday,Idli,467,31.8,33.0,0,142
2025-07-15,Tuesday,Meals,458,34.1,160.0,0,145
2025-07-15,Tuesday,Variety Rice,458,34.1,101.0,0,123
2025-07-15,Tuesday,Biryani,458,34.1,87.0,0,77
2025-07-15,Tuesday,Dosa,458,34.1,98.0,0,112
2025-07-15,Tuesday,Idli,458,34.1,142.0,0,140
2025-07-16,Wednesday,Meals,395,31.9,145.0,0,166
2025-07-16,Wednesday,Variety Rice,395,31.9,123.0,0,89
2025-07-16,Wednesday,Biryani,395,31.9,77.0,0,67
2025-07-16,Wednesday,Dosa,395,31.9,112.0,0,111
2025-07-16,Wednesday,Idli,395,31.9,140.0,0,100
2025-07-17,Thursday,Meals,487,37.6,166.0,0,162
2025-07-17,Thursday,Variety Rice,487,37.6,89.0,0,156
2025-07-17,Thursday,Biryani,487,37.6,67.0,0,85
2025-07-17,Thursday,Dosa,487,37.6,111.0,0,131
2025-07-17,Thursday,Idli,487,37.6,100.0,0,128
2025-07-18,Friday,Meals,464,36.6,162.0,0,115
2025-07-18,Friday,Variety Rice,464,36.6,156.0,0,129
2025-07-18,Friday,Biryani,464,36.6,85.0,0,247
2025-07-18,Friday,Dosa,464,36.6,131.0,0,112
2025-07-18,Friday,Idli,464,36.6,128.0,0,143
2025-07-19,Saturday,Meals,120,34.4,115.0,1,41
2025-07-19,Saturday,Variety Rice,120,34.4,129.0,1,31
2025-07-19,Saturday,Biryani,120,34.4,247.0,1,42
2025-07-19,Saturday,Dosa,120,34.4,112.0,1,69
2025-07-19,Saturday,Idli,120,34.4,143.0,1,31
2025-07-20,Sunday,Meals,143,32.2,41.0,1,56
2025-07-20,Sunday,Variety Rice,143,32.2,31.0,1,47
2025-07-20,Sunday,Biryani,143,32.2,42.0,1,78
2025-07-20,Sunday,Dosa,143,32.2,69.0,1,51
2025-07-20,Sunday,Idli,143,32.2,31.0,1,16
2025-07-21,Monday,Meals,447,36.7,56.0,0,134
2025-07-21,Monday,Variety Rice,447,36.7,47.0,0,132
2025-07-21,Monday,Biryani,447,36.7,78.0,0,96
2025-07-21,Monday,Dosa,447,36.7,51.0,0,109
2025-07-21,Monday,Idli,447,36.7,16.0,0,144
2025-07-22,Tuesday,Meals,497,32.8,134.0,0,186
2025-07-22,Tuesday,Variety Rice,497,32.8,132.0,0,145
2025-07-22,Tuesday,Biryani,497,32.8,96.0,0,122
2025-07-22,Tuesday,Dosa,497,32.8,109.0,0,130
2025-07-22,Tuesday,Idli,497,32.8,144.0,0,139
2025-07-23,Wednesday,Meals,445,35.8,186.0,0,146
2025-07-23,Wednesday,Variety Rice,445,35.8,145.0,0,119
2025-07-23,Wednesday,Biryani,445,35.8,122.0,0,62
2025-07-23,Wednesday,Dosa,445,35.8,130.0,0,138
2025-07-23,Wednesday,Idli,445,35.8,139.0,0,108
2025-07-24,Thursday,Meals,448,33.5,146.0,0,172
2025-07-24,Thursday,Variety Rice,448,33.5,119.0,0,135
2025-07-24,Thursday,Biryani,448,33.5,62.0,0,99
2025-07-24,Thursday,Dosa,448,33.5,138.0,0,111
2025-07-24,Thursday,Idli,448,33.5,108.0,0,115
2025-07-25,Friday,Meals,401,34.3,172.0,0,120
2025-07-25,Friday,Variety Rice,401,34.3,135.0,0,121
2025-07-25,Friday,Biryani,401,34.3,99.0,0,219
2025-07-25,Friday,Dosa,401,34.3,111.0,0,108
2025-07-25,Friday,Idli,401,34.3,115.0,0,117
2025-07-26,Saturday,Meals,97,34.0,120.0,1,40
2025-07-26,Saturday,Variety Rice,97,34.0,121.0,1,29
2025-07-26,Saturday,Biryani,97,34.0,219.0,1,38
2025-07-26,Saturday,Dosa,97,34.0,108.0,1,51
2025-07-26,Saturday,Idli,97,34.0,117.0,1,40
2025-07-27,Sunday,Meals,137,33.7,40.0,1,60
2025-07-27,Sunday,Variety Rice,137,33.7,29.0,1,40
2025-07-27,Sunday,Biryani,137,33.7,38.0,1,99
2025-07-27,Sunday,Dosa,137,33.7,51.0,1,60
2025-07-27,Sunday,Idli,137,33.7,40.0,1,12
2025-07-28,Monday,Meals,475,34.9,60.0,0,163
2025-07-28,Monday,Variety Rice,475,34.9,40.0,0,132
2025-07-28,Monday,Biryani,475,34.9,99.0,0,93
2025-07-28,Monday,Dosa,475,34.9,60.0,0,99
2025-07-28,Monday,Idli,475,34.9,12.0,0,128
2025-07-29,Tuesday,Meals,436,32.0,163.0,0,173
2025-07-29,Tuesday,Variety Rice,436,32.0,132.0,0,118
2025-07-29,Tuesday,Biryani,436,32.0,93.0,0,92
2025-07-29,Tuesday,Dosa,436,32.0,99.0,0,95
2025-07-29,Tuesday,Idli,436,32.0,128.0,0,120
2025-07-30,Wednesday,Meals,435,35.6,173.0,0,149
2025-07-30,Wednesday,Variety Rice,435,35.6,118.0,0,124
2025-07-30,Wednesday,Biryani,435,35.6,92.0,0,74
2025-07-30,Wednesday,Dosa,435,35.6,95.0,0,114
2025-07-30,Wednesday,Idli,435,35.6,120.0,0,113
2025-07-31,Thursday,Meals,424,34.1,149.0,0,138
2025-07-31,Thursday,Variety Rice,424,34.1,124.0,0,129
2025-07-31,Thursday,Biryani,424,34.1,74.0,0,77
2025-07-31,Thursday,Dosa,424,34.1,114.0,0,126
2025-07-31,Thursday,Idli,424,34.1,113.0,0,107
2025-08-01,Friday,Meals,442,33.7,138.0,0,101
2025-08-01,Friday,Variety Rice,442,33.7,129.0,0,109
2025-08-01,Friday,Biryani,442,33.7,77.0,0,205
2025-08-01,Friday,Dosa,442,33.7,126.0,0,128
2025-08-01,Friday,Idli,442,33.7,107.0,0,109
2025-08-02,Saturday,Meals,115,37.8,101.0,1,37
2025-08-02,Saturday,Variety Rice,115,37.8,109.0,1,56
2025-08-02,Saturday,Biryani,115,37.8,205.0,1,81
2025-08-02,Saturday,Dosa,115,37.8,128.0,1,78
2025-08-02,Saturday,Idli,115,37.8,109.0,1,44
2025-08-03,Sunday,Meals,144,35.0,37.0,1,45
2025-08-03,Sunday,Variety Rice,144,35.0,56.0,1,38
2025-08-03,Sunday,Biryani,144,35.0,81.0,1,55
2025-08-03,Sunday,Dosa,144,35.0,78.0,1,61
2025-08-03,Sunday,Idli,144,35.0,44.0,1,31
2025-08-04,Monday,Meals,487,32.2,45.0,0,179
2025-08-04,Monday,Variety Rice,487,32.2,38.0,0,129
2025-08-04,Monday,Biryani,487,32.2,55.0,0,115
2025-08-04,Monday,Dosa,487,32.2,61.0,0,103
2025-08-04,Monday,Idli,487,32.2,31.0,0,134
2025-08-05,Tuesday,Meals,385,31.6,179.0,0,148
2025-08-05,Tuesday,Variety Rice,385,31.6,129.0,0,89
2025-08-05,Tuesday,Biryani,385,31.6,115.0,0,101
2025-08-05,Tuesday,Dosa,385,31.6,103.0,0,103
2025-08-05,Tuesday,Idli,385,31.6,134.0,0,93
2025-08-06,Wednesday,Meals,508,36.2,148.0,0,179
2025-08-06,Wednesday,Variety Rice,508,36.2,89.0,0,138
2025-08-06,Wednesday,Biryani,508,36.2,101.0,0,87
2025-08-06,Wednesday,Dosa,508,36.2,103.0,0,123
2025-08-06,Wednesday,Idli,508,36.2,93.0,0,141
2025-08-07,Thursday,Meals,521,36.2,179.0,0,175
2025-08-07,Thursday,Variety Rice,521,36.2,138.0,0,138
2025-08-07,Thursday,Biryani,521,36.2,87.0,0,105
2025-08-07,Thursday,Dosa,521,36.2,123.0,0,113
2025-08-07,Thursday,Idli,521,36.2,141.0,0,142
2025-08-08,Friday,Meals,393,32.4,175.0,0,91
2025-08-08,Friday,Variety Rice,393,32.4,138.0,0,120
2025-08-08,Friday,Biryani,393,32.4,105.0,0,197
2025-08-08,Friday,Dosa,393,32.4,113.0,0,87
2025-08-08,Friday,Idli,393,32.4,142.0,0,77
2025-08-09,Saturday,Meals,174,32.5,91.0,1,83
2025-08-09,Saturday,Variety Rice,174,32.5,120.0,1,56
2025-08-09,Saturday,Biryani,174,32.5,197.0,1,62
2025-08-09,Saturday,Dosa,174,32.5,87.0,1,82
2025-08-09,Saturday,Idli,174,32.5,77.0,1,35
2025-08-10,Sunday,Meals,149,33.0,83.0,1,66
2025-08-10,Sunday,Variety Rice,149,33.0,56.0,1,44
2025-08-10,Sunday,Biryani,149,33.0,62.0,1,65
2025-08-10,Sunday,Dosa,149,33.0,82.0,1,55
2025-08-10,Sunday,Idli,149,33.0,35.0,1,24
2025-08-11,Monday,Meals,474,32.0,66.0,0,177
2025-08-11,Monday,Variety Rice,474,32.0,44.0,0,91
2025-08-11,Monday,Biryani,474,32.0,65.0,0,114
2025-08-11,Monday,Dosa,474,32.0,55.0,0,108
2025-08-11,Monday,Idli,474,32.0,24.0,0,131
2025-08-12,Tuesday,Meals,363,31.0,177.0,0,151
2025-08-12,Tuesday,Variety Rice,363,31.0,91.0,0,88
2025-08-12,Tuesday,Biryani,363,31.0,114.0,0,70
2025-08-12,Tuesday,Dosa,363,31.0,108.0,0,92
2025-08-12,Tuesday,Idli,363,31.0,131.0,0,102
2025-08-13,Wednesday,Meals,438,29.4,151.0,0,175
2025-08-13,Wednesday,Variety Rice,438,29.4,88.0,0,84
2025-08-13,Wednesday,Biryani,438,29.4,70.0,0,89
2025-08-13,Wednesday,Dosa,438,29.4,92.0,0,93
2025-08-13,Wednesday,Idli,438,29.4,102.0,0,118
2025-08-14,Thursday,Meals,395,32.1,175.0,0,166
2025-08-14,Thursday,Variety Rice,395,32.1,84.0,0,101
2025-08-14,Thursday,Biryani,395,32.1,89.0,0,66
2025-08-14,Thursday,Dosa,395,32.1,93.0,0,99
2025-08-14,Thursday,Idli,395,32.1,118.0,0,115
2025-08-15,Friday,Meals,131,30.2,166.0,1,46
2025-08-15,Friday,Variety Rice,131,30.2,101.0,1,43
2025-08-15,Friday,Biryani,131,30.2,66.0,1,67
2025-08-15,Friday,Dosa,131,30.2,99.0,1,41
2025-08-15,Friday,Idli,131,30.2,115.0,1,29
2025-08-16,Saturday,Meals,103,32.1,46.0,1,10
2025-08-16,Saturday,Variety Rice,103,32.1,43.0,1,33
2025-08-16,Saturday,Biryani,103,32.1,67.0,1,46
2025-08-16,Saturday,Dosa,103,32.1,41.0,1,11
2025-08-16,Saturday,Idli,103,32.1,29.0,1,10
2025-08-17,Sunday,Meals,181,32.9,10.0,1,54
2025-08-17,Sunday,Variety Rice,181,32.9,33.0,1,45
2025-08-17,Sunday,Biryani,181,32.9,46.0,1,79
2025-08-17,Sunday,Dosa,181,32.9,11.0,1,83
2025-08-17,Sunday,Idli,181,32.9,10.0,1,32
2025-08-18,Monday,Meals,440,30.3,54.0,0,140
2025-08-18,Monday,Variety Rice,440,30.3,45.0,0,93
2025-08-18,Monday,Biryani,440,30.3,79.0,0,110
2025-08-18,Monday,Dosa,440,30.3,83.0,0,110
2025-08-18,Monday,Idli,440,30.3,32.0,0,120
2025-08-19,Tuesday,Meals,397,31.1,140.0,0,158
2025-08-19,Tuesday,Variety Rice,397,31.1,93.0,0,88
2025-08-19,Tuesday,Biryani,397,31.1,110.0,0,78
2025-08-19,Tuesday,Dosa,397,31.1,110.0,0,135
2025-08-19,Tuesday,Idli,397,31.1,120.0,0,107
2025-08-20,Wednesday,Meals,442,30.2,158.0,0,181
2025-08-20,Wednesday,Variety Rice,442,30.2,88.0,0,99
2025-08-20,Wednesday,Biryani,442,30.2,78.0,0,65
2025-08-20,Wednesday,Dosa,442,30.2,135.0,0,125
2025-08-20,Wednesday,Idli,442,30.2,107.0,0,108
2025-08-21,Thursday,Meals,503,34.8,181.0,0,170
2025-08-21,Thursday,Variety Rice,503,34.8,99.0,0,153
2025-08-21,Thursday,Biryani,503,34.8,65.0,0,98
2025-08-21,Thursday,Dosa,503,34.8,125.0,0,138
2025-08-21,Thursday,Idli,503,34.8,108.0,0,135
2025-08-22,Friday,Meals,387,29.8,170.0,0,120
2025-08-22,Friday,Variety Rice,387,29.8,153.0,0,90
2025-08-22,Friday,Biryani,387,29.8,98.0,0,195
2025-08-22,Friday,Dosa,387,29.8,138.0,0,91
2025-08-22,Friday,Idli,387,29.8,135.0,0,108
2025-08-23,Saturday,Meals,103,34.9,120.0,1,33
2025-08-23,Saturday,Variety Rice,103,34.9,90.0,1,48
2025-08-23,Saturday,Biryani,103,34.9,195.0,1,44
2025-08-23,Saturday,Dosa,103,34.9,91.0,1,50
2025-08-23,Saturday,Idli,103,34.9,108.0,1,18
2025-08-24,Sunday,Meals,125,31.9,33.0,1,45
2025-08-24,Sunday,Variety Rice,125,31.9,48.0,1,40
2025-08-24,Sunday,Biryani,125,31.9,44.0,1,93
2025-08-24,Sunday,Dosa,125,31.9,50.0,1,55
2025-08-24,Sunday,Idli,125,31.9,18.0,1,27
2025-08-25,Monday,Meals,445,31.3,45.0,0,156
2025-08-25,Monday,Variety Rice,445,31.3,40.0,0,90
2025-08-25,Monday,Biryani,445,31.3,93.0,0,91
2025-08-25,Monday,Dosa,445,31.3,55.0,0,118
2025-08-25,Monday,Idli,445,31.3,27.0,0,113
2025-08-26,Tuesday,Meals,512,32.9,156.0,0,193
2025-08-26,Tuesday,Variety Rice,512,32.9,90.0,0,120
2025-08-26,Tuesday,Biryani,512,32.9,91.0,0,92
2025-08-26,Tuesday,Dosa,512,32.9,118.0,0,144
2025-08-26,Tuesday,Idli,512,32.9,113.0,0,133
2025-08-27,Wednesday,Meals,439,29.0,193.0,0,182
2025-08-27,Wednesday,Variety Rice,439,29.0,120.0,0,106
2025-08-27,Wednesday,Biryani,439,29.0,92.0,0,83
2025-08-27,Wednesday,Dosa,439,29.0,144.0,0,112
2025-08-27,Wednesday,Idli,439,29.0,133.0,0,113
2025-08-28,Thursday,Meals,524,29.0,182.0,0,199
2025-08-28,Thursday,Variety Rice,524,29.0,106.0,0,130
2025-08-28,Thursday,Biryani,524,29.0,83.0,0,126
2025-08-28,Thursday,Dosa,524,29.0,112.0,0,143
2025-08-28,Thursday,Idli,524,29.0,113.0,0,132
2025-08-29,Friday,Meals,409,31.3,199.0,0,107
2025-08-29,Friday,Variety Rice,409,31.3,130.0,0,99
2025-08-29,Friday,Biryani,409,31.3,126.0,0,198
2025-08-29,Friday,Dosa,409,31.3,143.0,0,121
2025-08-29,Friday,Idli,409,31.3,132.0,0,104
2025-08-30,Saturday,Meals,137,30.8,107.0,1,46
2025-08-30,Saturday,Variety Rice,137,30.8,99.0,1,43
2025-08-30,Saturday,Biryani,137,30.8,198.0,1,51
2025-08-30,Saturday,Dosa,137,30.8,121.0,1,74
2025-08-30,Saturday,Idli,137,30.8,104.0,1,24
2025-08-31,Sunday,Meals,178,30.5,46.0,1,46
2025-08-31,Sunday,Variety Rice,178,30.5,43.0,1,34
2025-08-31,Sunday,Biryani,178,30.5,51.0,1,88
2025-08-31,Sunday,Dosa,178,30.5,74.0,1,78
2025-08-31,Sunday,Idli,178,30.5,24.0,1,43
2025-09-01,Monday,Meals,485,31.1,46.0,0,181
2025-09-01,Monday,Variety Rice,485,31.1,34.0,0,105
2025-09-01,Monday,Biryani,485,31.1,88.0,0,92
2025-09-01,Monday,Dosa,485,31.1,78.0,0,125
2025-09-01,Monday,Idli,485,31.1,43.0,0,156
2025-09-02,Tuesday,Meals,421,29.8,181.0,0,176
2025-09-02,Tuesday,Variety Rice,421,29.8,105.0,0,94
2025-09-02,Tuesday,Biryani,421,29.8,92.0,0,51
2025-09-02,Tuesday,Dosa,421,29.8,125.0,0,118
2025-09-02,Tuesday,Idli,421,29.8,156.0,0,110
2025-09-03,Wednesday,Meals,473,29.8,176.0,0,184
2025-09-03,Wednesday,Variety Rice,473,29.8,94.0,0,112
2025-09-03,Wednesday,Biryani,473,29.8,51.0,0,83
2025-09-03,Wednesday,Dosa,473,29.8,118.0,0,126
2025-09-03,Wednesday,Idli,473,29.8,110.0,0,120
2025-09-04,Thursday,Meals,484,31.2,184.0,0,176
2025-09-04,Thursday,Variety Rice,484,31.2,112.0,0,121
2025-09-04,Thursday,Biryani,484,31.2,83.0,0,87
2025-09-04,Thursday,Dosa,484,31.2,126.0,0,133
2025-09-04,Thursday,Idli,484,31.2,120.0,0,131
2025-09-05,Friday,Meals,402,33.0,176.0,0,108
2025-09-05,Friday,Variety Rice,402,33.0,121.0,0,115
2025-09-05,Friday,Biryani,402,33.0,87.0,0,203
2025-09-05,Friday,Dosa,402,33.0,133.0,0,113
2025-09-05,Friday,Idli,402,33.0,131.0,0,91
2025-09-06,Saturday,Meals,103,27.7,108.0,1,47
2025-09-06,Saturday,Variety Rice,103,27.7,115.0,1,47
2025-09-06,Saturday,Biryani,103,27.7,203.0,1,45
2025-09-06,Saturday,Dosa,103,27.7,113.0,1,46
2025-09-06,Saturday,Idli,103,27.7,91.0,1,27
2025-09-07,Sunday,Meals,106,31.6,47.0,1,30
2025-09-07,Sunday,Variety Rice,106,31.6,47.0,1,33
2025-09-07,Sunday,Biryani,106,31.6,45.0,1,53
2025-09-07,Sunday,Dosa,106,31.6,46.0,1,41
2025-09-07,Sunday,Idli,106,31.6,27.0,1,30
2025-09-08,Monday,Meals,487,24.5,30.0,0,158
2025-09-08,Monday,Variety Rice,487,24.5,33.0,0,83
2025-09-08,Monday,Biryani,487,24.5,53.0,0,100
2025-09-08,Monday,Dosa,487,24.5,41.0,0,127
2025-09-08,Monday,Idli,487,24.5,30.0,0,135
2025-09-09,Tuesday,Meals,524,31.0,158.0,0,215
2025-09-09,Tuesday,Variety Rice,524,31.0,83.0,0,131
2025-09-09,Tuesday,Biryani,524,31.0,100.0,0,116
2025-09-09,Tuesday,Dosa,524,31.0,127.0,0,135
2025-09-09,Tuesday,Idli,524,31.0,135.0,0,123
2025-09-10,Wednesday,Meals,426,28.7,215.0,0,196
2025-09-10,Wednesday,Variety Rice,426,28.7,131.0,0,97
2025-09-10,Wednesday,Biryani,426,28.7,116.0,0,89
2025-09-10,Wednesday,Dosa,426,28.7,135.0,0,117
2025-09-10,Wednesday,Idli,426,28.7,123.0,0,113
2025-09-11,Thursday,Meals,435,32.1,196.0,0,173
2025-09-11,Thursday,Variety Rice,435,32.1,97.0,0,114
2025-09-11,Thursday,Biryani,435,32.1,89.0,0,66
2025-09-11,Thursday,Dosa,435,32.1,117.0,0,104
2025-09-11,Thursday,Idli,435,32.1,113.0,0,113
2025-09-12,Friday,Meals,385,28.1,173.0,0,90
2025-09-12,Friday,Variety Rice,385,28.1,114.0,0,87
2025-09-12,Friday,Biryani,385,28.1,66.0,0,174
2025-09-12,Friday,Dosa,385,28.1,104.0,0,104
2025-09-12,Friday,Idli,385,28.1,113.0,0,101
2025-09-13,Saturday,Meals,122,26.2,90.0,1,32
2025-09-13,Saturday,Variety Rice,122,26.2,87.0,1,35
2025-09-13,Saturday,Biryani,122,26.2,174.0,1,70
2025-09-13,Saturday,Dosa,122,26.2,104.0,1,35
2025-09-13,Saturday,Idli,122,26.2,101.0,1,34
2025-09-14,Sunday,Meals,146,28.4,32.0,1,45
2025-09-14,Sunday,Variety Rice,146,28.4,35.0,1,24
2025-09-14,Sunday,Biryani,146,28.4,70.0,1,62
2025-09-14,Sunday,Dosa,146,28.4,35.0,1,47
2025-09-14,Sunday,Idli,146,28.4,34.0,1,43
2025-09-15,Monday,Meals,536,28.6,45.0,0,186
2025-09-15,Monday,Variety Rice,536,28.6,24.0,0,104
2025-09-15,Monday,Biryani,536,28.6,62.0,0,81
2025-09-15,Monday,Dosa,536,28.6,47.0,0,105
2025-09-15,Monday,Idli,536,28.6,43.0,0,136
2025-09-16,Tuesday,Meals,480,28.9,186.0,0,167
2025-09-16,Tuesday,Variety Rice,480,28.9,104.0,0,117
2025-09-16,Tuesday,Biryani,480,28.9,81.0,0,87
2025-09-16,Tuesday,Dosa,480,28.9,105.0,0,122
2025-09-16,Tuesday,Idli,480,28.9,136.0,0,144
2025-09-17,Wednesday,Meals,449,29.9,167.0,0,161
2025-09-17,Wednesday,Variety Rice,449,29.9,117.0,0,81
2025-09-17,Wednesday,Biryani,449,29.9,87.0,0,78
2025-09-17,Wednesday,Dosa,449,29.9,122.0,0,112
2025-09-17,Wednesday,Idli,449,29.9,144.0,0,111
2025-09-18,Thursday,Meals,463,27.9,161.0,0,173
2025-09-18,Thursday,Variety Rice,463,27.9,81.0,0,95
2025-09-18,Thursday,Biryani,463,27.9,78.0,0,93
2025-09-18,Thursday,Dosa,463,27.9,112.0,0,122
2025-09-18,Thursday,Idli,463,27.9,111.0,0,110
2025-09-19,Friday,Meals,406,30.6,173.0,0,113
2025-09-19,Friday,Variety Rice,406,30.6,95.0,0,98
2025-09-19,Friday,Biryani,406,30.6,93.0,0,214
2025-09-19,Friday,Dosa,406,30.6,122.0,0,115
2025-09-19,Friday,Idli,406,30.6,110.0,0,108
2025-09-20,Saturday,Meals,139,26.8,113.0,1,38
2025-09-20,Saturday,Variety Rice,139,26.8,98.0,1,39
2025-09-20,Saturday,Biryani,139,26.8,214.0,1,60
2025-09-20,Saturday,Dosa,139,26.8,115.0,1,62
2025-09-20,Saturday,Idli,139,26.8,108.0,1,37
2025-09-21,Sunday,Meals,116,24.4,38.0,1,32
2025-09-21,Sunday,Variety Rice,116,24.4,39.0,1,26
2025-09-21,Sunday,Biryani,116,24.4,60.0,1,36
2025-09-21,Sunday,Dosa,116,24.4,62.0,1,60
2025-09-21,Sunday,Idli,116,24.4,37.0,1,15
2025-09-22,Monday,Meals,477,29.4,32.0,0,154
2025-09-22,Monday,Variety Rice,477,29.4,26.0,0,116
2025-09-22,Monday,Biryani,477,29.4,36.0,0,71
2025-09-22,Monday,Dosa,477,29.4,60.0,0,123
2025-09-22,Monday,Idli,477,29.4,15.0,0,141
2025-09-23,Tuesday,Meals,515,26.4,154.0,0,192
2025-09-23,Tuesday,Variety Rice,515,26.4,116.0,0,120
2025-09-23,Tuesday,Biryani,515,26.4,71.0,0,104
2025-09-23,Tuesday,Dosa,515,26.4,123.0,0,130
2025-09-23,Tuesday,Idli,515,26.4,141.0,0,146
2025-09-24,Wednesday,Meals,390,28.9,192.0,0,169
2025-09-24,Wednesday,Variety Rice,390,28.9,120.0,0,73
2025-09-24,Wednesday,Biryani,390,28.9,104.0,0,94
2025-09-24,Wednesday,Dosa,390,28.9,130.0,0,114
2025-09-24,Wednesday,Idli,390,28.9,146.0,0,95
2025-09-25,Thursday,Meals,415,26.6,169.0,0,156
2025-09-25,Thursday,Variety Rice,415,26.6,73.0,0,87
2025-09-25,Thursday,Biryani,415,26.6,94.0,0,94
2025-09-25,Thursday,Dosa,415,26.6,114.0,0,120
2025-09-25,Thursday,Idli,415,26.6,95.0,0,120
2025-09-26,Friday,Meals,402,26.2,156.0,0,89
2025-09-26,Friday,Variety Rice,402,26.2,87.0,0,81
2025-09-26,Friday,Biryani,402,26.2,94.0,0,223
2025-09-26,Friday,Dosa,402,26.2,120.0,0,121
2025-09-26,Friday,Idli,402,26.2,120.0,0,93
2025-09-27,Saturday,Meals,129,26.0,89.0,1,47
2025-09-27,Saturday,Variety Rice,129,26.0,81.0,1,25
2025-09-27,Saturday,Biryani,129,26.0,223.0,1,64
2025-09-27,Saturday,Dosa,129,26.0,121.0,1,56
2025-09-27,Saturday,Idli,129,26.0,93.0,1,34
2025-09-28,Sunday,Meals,130,28.0,47.0,1,32
2025-09-28,Sunday,Variety Rice,130,28.0,25.0,1,26
2025-09-28,Sunday,Biryani,130,28.0,64.0,1,57
2025-09-28,Sunday,Dosa,130,28.0,56.0,1,48
2025-09-28,Sunday,Idli,130,28.0,34.0,1,25
2025-09-29,Monday,Meals,482,29.7,32.0,0,160
2025-09-29,Monday,Variety Rice,482,29.7,26.0,0,106
2025-09-29,Monday,Biryani,482,29.7,57.0,0,87
2025-09-29,Monday,Dosa,482,29.7,48.0,0,125
2025-09-29,Monday,Idli,482,29.7,25.0,0,138
2025-09-30,Tuesday,Meals,477,26.5,160.0,0,162
2025-09-30,Tuesday,Variety Rice,477,26.5,106.0,0,96
2025-09-30,Tuesday,Biryani,477,26.5,87.0,0,76
2025-09-30,Tuesday,Dosa,477,26.5,125.0,0,124
2025-09-30,Tuesday,Idli,477,26.5,138.0,0,145
2025-10-01,Wednesday,Meals,485,30.6,162.0,0,191
2025-10-01,Wednesday,Variety Rice,485,30.6,96.0,0,90
2025-10-01,Wednesday,Biryani,485,30.6,76.0,0,86
2025-10-01,Wednesday,Dosa,485,30.6,124.0,0,115
2025-10-01,Wednesday,Idli,485,30.6,145.0,0,124
2025-10-02,Thursday,Meals,118,26.2,191.0,1,30
2025-10-02,Thursday,Variety Rice,118,26.2,90.0,1,39
2025-10-02,Thursday,Biryani,118,26.2,86.0,1,24
2025-10-02,Thursday,Dosa,118,26.2,115.0,1,45
2025-10-02,Thursday,Idli,118,26.2,124.0,1,55
2025-10-03,Friday,Meals,321,24.7,30.0,0,65
2025-10-03,Friday,Variety Rice,321,24.7,39.0,0,76
2025-10-03,Friday,Biryani,321,24.7,24.0,0,189
2025-10-03,Friday,Dosa,321,24.7,45.0,0,58
2025-10-03,Friday,Idli,321,24.7,55.0,0,82
2025-10-04,Saturday,Meals,127,25.4,65.0,1,71
2025-10-04,Saturday,Variety Rice,127,25.4,76.0,1,17
2025-10-04,Saturday,Biryani,127,25.4,189.0,1,57
2025-10-04,Saturday,Dosa,127,25.4,58.0,1,56
2025-10-04,Saturday,Idli,127,25.4,82.0,1,43
2025-10-05,Sunday,Meals,137,26.3,71.0,1,39
2025-10-05,Sunday,Variety Rice,137,26.3,17.0,1,30
2025-10-05,Sunday,Biryani,137,26.3,57.0,1,56
2025-10-05,Sunday,Dosa,137,26.3,56.0,1,62
2025-10-05,Sunday,Idli,137,26.3,43.0,1,27
2025-10-06,Monday,Meals,458,26.7,39.0,0,169
2025-10-06,Monday,Variety Rice,458,26.7,30.0,0,94
2025-10-06,Monday,Biryani,458,26.7,56.0,0,61
2025-10-06,Monday,Dosa,458,26.7,62.0,0,122
2025-10-06,Monday,Idli,458,26.7,27.0,0,118
2025-10-07,Tuesday,Meals,436,24.7,169.0,0,184
2025-10-07,Tuesday,Variety Rice,436,24.7,94.0,0,76
2025-10-07,Tuesday,Biryani,436,24.7,61.0,0,130
2025-10-07,Tuesday,Dosa,436,24.7,122.0,0,123
2025-10-07,Tuesday,Idli,436,24.7,118.0,0,117
2025-10-08,Wednesday,Meals,471,25.7,184.0,0,189
2025-10-08,Wednesday,Variety Rice,471,25.7,76.0,0,109
2025-10-08,Wednesday,Biryani,471,25.7,130.0,0,106
2025-10-08,Wednesday,Dosa,471,25.7,123.0,0,121
2025-10-08,Wednesday,Idli,471,25.7,117.0,0,121
2025-10-09,Thursday,Meals,452,25.4,189.0,0,190
2025-10-09,Thursday,Variety Rice,452,25.4,109.0,0,108
2025-10-09,Thursday,Biryani,452,25.4,106.0,0,47
2025-10-09,Thursday,Dosa,452,25.4,121.0,0,123
2025-10-09,Thursday,Idli,452,25.4,121.0,0,121
2025-10-10,Friday,Meals,396,25.5,190.0,0,126
2025-10-10,Friday,Variety Rice,396,25.5,108.0,0,99
2025-10-10,Friday,Biryani,396,25.5,47.0,0,189
2025-10-10,Friday,Dosa,396,25.5,123.0,0,106
2025-10-10,Friday,Idli,396,25.5,121.0,0,95
2025-10-11,Saturday,Meals,114,23.0,126.0,1,53
2025-10-11,Saturday,Variety Rice,114,23.0,99.0,1,41
2025-10-11,Saturday,Biryani,114,23.0,189.0,1,56
2025-10-11,Saturday,Dosa,114,23.0,106.0,1,60
2025-10-11,Saturday,Idli,114,23.0,95.0,1,35
2025-10-12,Sunday,Meals,140,24.2,53.0,1,52
2025-10-12,Sunday,Variety Rice,140,24.2,41.0,1,39
2025-10-12,Sunday,Biryani,140,24.2,56.0,1,81
2025-10-12,Sunday,Dosa,140,24.2,60.0,1,65
2025-10-12,Sunday,Idli,140,24.2,35.0,1,34
2025-10-13,Monday,Meals,458,27.2,52.0,0,147
2025-10-13,Monday,Variety Rice,458,27.2,39.0,0,94
2025-10-13,Monday,Biryani,458,27.2,81.0,0,79
2025-10-13,Monday,Dosa,458,27.2,65.0,0,101
2025-10-13,Monday,Idli,458,27.2,34.0,0,126
2025-10-14,Tuesday,Meals,447,23.7,147.0,0,145
2025-10-14,Tuesday,Variety Rice,447,23.7,94.0,0,102
2025-10-14,Tuesday,Biryani,447,23.7,79.0,0,87
2025-10-14,Tuesday,Dosa,447,23.7,101.0,0,102
2025-10-14,Tuesday,Idli,447,23.7,126.0,0,125
2025-10-15,Wednesday,Meals,395,26.7,145.0,0,139
2025-10-15,Wednesday,Variety Rice,395,26.7,102.0,0,81
2025-10-15,Wednesday,Biryani,395,26.7,87.0,0,64
2025-10-15,Wednesday,Dosa,395,26.7,102.0,0,107
2025-10-15,Wednesday,Idli,395,26.7,125.0,0,103
2025-10-16,Thursday,Meals,379,24.4,139.0,0,148
2025-10-16,Thursday,Variety Rice,379,24.4,81.0,0,71
2025-10-16,Thursday,Biryani,379,24.4,64.0,0,73
2025-10-16,Thursday,Dosa,379,24.4,107.0,0,98
2025-10-16,Thursday,Idli,379,24.4,103.0,0,111
2025-10-17,Friday,Meals,304,22.5,148.0,0,84
2025-10-17,Friday,Variety Rice,304,22.5,71.0,0,83
2025-10-17,Friday,Biryani,304,22.5,73.0,0,174
2025-10-17,Friday,Dosa,304,22.5,98.0,0,77
2025-10-17,Friday,Idli,304,22.5,111.0,0,74
2025-10-18,Saturday,Meals,105,26.2,84.0,1,38
2025-10-18,Saturday,Variety Rice,105,26.2,83.0,1,32
2025-10-18,Saturday,Biryani,105,26.2,174.0,1,60
2025-10-18,Saturday,Dosa,105,26.2,77.0,1,74
2025-10-18,Saturday,Idli,105,26.2,74.0,1,29
2025-10-19,Sunday,Meals,129,23.7,38.0,1,15
2025-10-19,Sunday,Variety Rice,129,23.7,32.0,1,20
2025-10-19,Sunday,Biryani,129,23.7,60.0,1,52
2025-10-19,Sunday,Dosa,129,23.7,74.0,1,48
2025-10-19,Sunday,Idli,129,23.7,29.0,1,28
2025-10-20,Monday,Meals,158,23.0,15.0,1,45
2025-10-20,Monday,Variety Rice,158,23.0,20.0,1,33
2025-10-20,Monday,Biryani,158,23.0,52.0,1,46
2025-10-20,Monday,Dosa,158,23.0,48.0,1,48
2025-10-20,Monday,Idli,158,23.0,28.0,1,49
2025-10-21,Tuesday,Meals,433,22.8,45.0,0,144
2025-10-21,Tuesday,Variety Rice,433,22.8,33.0,0,76
2025-10-21,Tuesday,Biryani,433,22.8,46.0,0,69
2025-10-21,Tuesday,Dosa,433,22.8,48.0,0,94
2025-10-21,Tuesday,Idli,433,22.8,49.0,0,114
2025-10-22,Wednesday,Meals,467,24.8,144.0,0,185
2025-10-22,Wednesday,Variety Rice,467,24.8,76.0,0,100
2025-10-22,Wednesday,Biryani,467,24.8,69.0,0,96
2025-10-22,Wednesday,Dosa,467,24.8,94.0,0,114
2025-10-22,Wednesday,Idli,467,24.8,114.0,0,125
2025-10-23,Thursday,Meals,362,23.1,185.0,0,140
2025-10-23,Thursday,Variety Rice,362,23.1,100.0,0,96
2025-10-23,Thursday,Biryani,362,23.1,96.0,0,86
2025-10-23,Thursday,Dosa,362,23.1,114.0,0,102
2025-10-23,Thursday,Idli,362,23.1,125.0,0,108
2025-10-24,Friday,Meals,416,24.2,140.0,0,103
2025-10-24,Friday,Variety Rice,416,24.2,96.0,0,90
2025-10-24,Friday,Biryani,416,24.2,86.0,0,224
2025-10-24,Friday,Dosa,416,24.2,102.0,0,117
2025-10-24,Friday,Idli,416,24.2,108.0,0,107
2025-10-25,Saturday,Meals,130,23.2,103.0,1,53
2025-10-25,Saturday,Variety Rice,130,23.2,90.0,1,20
2025-10-25,Saturday,Biryani,130,23.2,224.0,1,23
2025-10-25,Saturday,Dosa,130,23.2,117.0,1,55
2025-10-25,Saturday,Idli,130,23.2,107.0,1,24
2025-10-26,Sunday,Meals,126,23.0,53.0,1,31
2025-10-26,Sunday,Variety Rice,126,23.0,20.0,1,39
2025-10-26,Sunday,Biryani,126,23.0,23.0,1,58
2025-10-26,Sunday,Dosa,126,23.0,55.0,1,53
2025-10-26,Sunday,Idli,126,23.0,24.0,1,31
2025-10-27,Monday,Meals,501,21.7,31.0,0,170
2025-10-27,Monday,Variety Rice,501,21.7,39.0,0,111
2025-10-27,Monday,Biryani,501,21.7,58.0,0,80
2025-10-27,Monday,Dosa,501,21.7,53.0,0,100
2025-10-27,Monday,Idli,501,21.7,31.0,0,148
2025-10-28,Tuesday,Meals,423,24.4,170.0,0,152
2025-10-28,Tuesday,Variety Rice,423,24.4,111.0,0,107
2025-10-28,Tuesday,Biryani,423,24.4,80.0,0,65
2025-10-28,Tuesday,Dosa,423,24.4,100.0,0,123
2025-10-28,Tuesday,Idli,423,24.4,148.0,0,106
2025-10-29,Wednesday,Meals,446,24.7,152.0,0,176
2025-10-29,Wednesday,Variety Rice,446,24.7,107.0,0,95
2025-10-29,Wednesday,Biryani,446,24.7,65.0,0,83
2025-10-29,Wednesday,Dosa,446,24.7,123.0,0,115
2025-10-29,Wednesday,Idli,446,24.7,106.0,0,105
2025-10-30,Thursday,Meals,439,24.8,176.0,0,166
2025-10-30,Thursday,Variety Rice,439,24.8,95.0,0,88
2025-10-30,Thursday,Biryani,439,24.8,83.0,0,48
2025-10-30,Thursday,Dosa,439,24.8,115.0,0,109
2025-10-30,Thursday,Idli,439,24.8,105.0,0,138
2025-10-31,Friday,Meals,409,24.8,166.0,0,110
2025-10-31,Friday,Variety Rice,409,24.8,88.0,0,91
2025-10-31,Friday,Biryani,409,24.8,48.0,0,216
2025-10-31,Friday,Dosa,409,24.8,109.0,0,90
2025-10-31,Friday,Idli,409,24.8,138.0,0,121
2025-11-01,Saturday,Meals,147,24.6,110.0,1,60
2025-11-01,Saturday,Variety Rice,147,24.6,91.0,1,39
2025-11-01,Saturday,Biryani,147,24.6,216.0,1,73
2025-11-01,Saturday,Dosa,147,24.6,90.0,1,71
2025-11-01,Saturday,Idli,147,24.6,121.0,1,39
2025-11-02,Sunday,Meals,132,22.2,60.0,1,59
2025-11-02,Sunday,Variety Rice,132,22.2,39.0,1,16
2025-11-02,Sunday,Biryani,132,22.2,73.0,1,39
2025-11-02,Sunday,Dosa,132,22.2,71.0,1,57
2025-11-02,Sunday,Idli,132,22.2,39.0,1,29
2025-11-03,Monday,Meals,469,23.5,59.0,0,160
2025-11-03,Monday,Variety Rice,469,23.5,16.0,0,110
2025-11-03,Monday,Biryani,469,23.5,39.0,0,64
2025-11-03,Monday,Dosa,469,23.5,57.0,0,101
2025-11-03,Monday,Idli,469,23.5,29.0,0,129
2025-11-04,Tuesday,Meals,452,20.1,160.0,0,192
2025-11-04,Tuesday,Variety Rice,452,20.1,110.0,0,103
2025-11-04,Tuesday,Biryani,452,20.1,64.0,0,90
2025-11-04,Tuesday,Dosa,452,20.1,101.0,0,99
2025-11-04,Tuesday,Idli,452,20.1,129.0,0,114
2025-11-05,Wednesday,Meals,447,22.3,192.0,0,190
2025-11-05,Wednesday,Variety Rice,447,22.3,103.0,0,106
2025-11-05,Wednesday,Biryani,447,22.3,90.0,0,72
2025-11-05,Wednesday,Dosa,447,22.3,99.0,0,114
2025-11-05,Wednesday,Idli,447,22.3,114.0,0,122
2025-11-06,Thursday,Meals,523,24.9,190.0,0,191
2025-11-06,Thursday,Variety Rice,523,24.9,106.0,0,109
2025-11-06,Thursday,Biryani,523,24.9,72.0,0,83
2025-11-06,Thursday,Dosa,523,24.9,114.0,0,130
2025-11-06,Thursday,Idli,523,24.9,122.0,0,142
2025-11-07,Friday,Meals,407,24.6,191.0,0,112
2025-11-07,Friday,Variety Rice,407,24.6,109.0,0,94
2025-11-07,Friday,Biryani,407,24.6,83.0,0,197
2025-11-07,Friday,Dosa,407,24.6,130.0,0,128
2025-11-07,Friday,Idli,407,24.6,142.0,0,94
2025-11-08,Saturday,Meals,180,23.1,112.0,1,68
2025-11-08,Saturday,Variety Rice,180,23.1,94.0,1,46
2025-11-08,Saturday,Biryani,180,23.1,197.0,1,67
2025-11-08,Saturday,Dosa,180,23.1,128.0,1,83
2025-11-08,Saturday,Idli,180,23.1,94.0,1,62
2025-11-09,Sunday,Meals,168,18.7,68.0,1,40
2025-11-09,Sunday,Variety Rice,168,18.7,46.0,1,36
2025-11-09,Sunday,Biryani,168,18.7,67.0,1,71
2025-11-09,Sunday,Dosa,168,18.7,83.0,1,80
2025-11-09,Sunday,Idli,168,18.7,62.0,1,25
2025-11-10,Monday,Meals,540,23.4,40.0,0,171
2025-11-10,Monday,Variety Rice,540,23.4,36.0,0,115
2025-11-10,Monday,Biryani,540,23.4,71.0,0,95
2025-11-10,Monday,Dosa,540,23.4,80.0,0,136
2025-11-10,Monday,Idli,540,23.4,25.0,0,151
2025-11-11,Tuesday,Meals,479,21.3,171.0,0,205
2025-11-11,Tuesday,Variety Rice,479,21.3,115.0,0,107
2025-11-11,Tuesday,Biryani,479,21.3,95.0,0,106
2025-11-11,Tuesday,Dosa,479,21.3,136.0,0,110
2025-11-11,Tuesday,Idli,479,21.3,151.0,0,120
2025-11-12,Wednesday,Meals,519,23.3,205.0,0,208
2025-11-12,Wednesday,Variety Rice,519,23.3,107.0,0,114
2025-11-12,Wednesday,Biryani,519,23.3,106.0,0,104
2025-11-12,Wednesday,Dosa,519,23.3,110.0,0,117
2025-11-12,Wednesday,Idli,519,23.3,120.0,0,142
2025-11-13,Thursday,Meals,441,23.9,208.0,0,169
2025-11-13,Thursday,Variety Rice,441,23.9,114.0,0,103
2025-11-13,Thursday,Biryani,441,23.9,104.0,0,82
2025-11-13,Thursday,Dosa,441,23.9,117.0,0,111
2025-11-13,Thursday,Idli,441,23.9,142.0,0,139
2025-11-14,Friday,Meals,397,21.8,169.0,0,102
2025-11-14,Friday,Variety Rice,397,21.8,103.0,0,97
2025-11-14,Friday,Biryani,397,21.8,82.0,0,202
2025-11-14,Friday,Dosa,397,21.8,111.0,0,93
2025-11-14,Friday,Idli,397,21.8,139.0,0,120
2025-11-15,Saturday,Meals,114,24.8,102.0,1,17
2025-11-15,Saturday,Variety Rice,114,24.8,97.0,1,41
2025-11-15,Saturday,Biryani,114,24.8,202.0,1,40
2025-11-15,Saturday,Dosa,114,24.8,93.0,1,59
2025-11-15,Saturday,Idli,114,24.8,120.0,1,13
2025-11-16,Sunday,Meals,99,23.8,17.0,1,29
2025-11-16,Sunday,Variety Rice,99,23.8,41.0,1,21
2025-11-16,Sunday,Biryani,99,23.8,40.0,1,27
2025-11-16,Sunday,Dosa,99,23.8,59.0,1,34
2025-11-16,Sunday,Idli,99,23.8,13.0,1,23
2025-11-17,Monday,Meals,483,22.3,29.0,0,188
2025-11-17,Monday,Variety Rice,483,22.3,21.0,0,83
2025-11-17,Monday,Biryani,483,22.3,27.0,0,114
2025-11-17,Monday,Dosa,483,22.3,34.0,0,111
2025-11-17,Monday,Idli,483,22.3,23.0,0,125
2025-11-18,Tuesday,Meals,452,19.6,188.0,0,187
2025-11-18,Tuesday,Variety Rice,452,19.6,83.0,0,98
2025-11-18,Tuesday,Biryani,452,19.6,114.0,0,114
2025-11-18,Tuesday,Dosa,452,19.6,111.0,0,98
2025-11-18,Tuesday,Idli,452,19.6,125.0,0,119
2025-11-19,Wednesday,Meals,474,19.7,187.0,0,195
2025-11-19,Wednesday,Variety Rice,474,19.7,98.0,0,102
2025-11-19,Wednesday,Biryani,474,19.7,114.0,0,57
2025-11-19,Wednesday,Dosa,474,19.7,98.0,0,120
2025-11-19,Wednesday,Idli,474,19.7,119.0,0,129
2025-11-20,Thursday,Meals,509,22.6,195.0,0,186
2025-11-20,Thursday,Variety Rice,509,22.6,102.0,0,121
2025-11-20,Thursday,Biryani,509,22.6,57.0,0,115
2025-11-20,Thursday,Dosa,509,22.6,120.0,0,110
2025-11-20,Thursday,Idli,509,22.6,129.0,0,138
2025-11-21,Friday,Meals,407,20.9,186.0,0,119
2025-11-21,Friday,Variety Rice,407,20.9,121.0,0,89
2025-11-21,Friday,Biryani,407,20.9,115.0,0,203
2025-11-21,Friday,Dosa,407,20.9,110.0,0,103
2025-11-21,Friday,Idli,407,20.9,138.0,0,98
2025-11-22,Saturday,Meals,146,19.8,119.0,1,41
2025-11-22,Saturday,Variety Rice,146,19.8,89.0,1,45
2025-11-22,Saturday,Biryani,146,19.8,203.0,1,68
2025-11-22,Saturday,Dosa,146,19.8,103.0,1,47
2025-11-22,Saturday,Idli,146,19.8,98.0,1,33
2025-11-23,Sunday,Meals,105,23.9,41.0,1,21
2025-11-23,Sunday,Variety Rice,105,23.9,45.0,1,27
2025-11-23,Sunday,Biryani,105,23.9,68.0,1,59
2025-11-23,Sunday,Dosa,105,23.9,47.0,1,36
2025-11-23,Sunday,Idli,105,23.9,33.0,1,14
2025-11-24,Monday,Meals,529,24.2,21.0,0,192
2025-11-24,Monday,Variety Rice,529,24.2,27.0,0,110
2025-11-24,Monday,Biryani,529,24.2,59.0,0,90
2025-11-24,Monday,Dosa,529,24.2,36.0,0,113
2025-11-24,Monday,Idli,529,24.2,14.0,0,152
2025-11-25,Tuesday,Meals,516,22.4,192.0,0,209
2025-11-25,Tuesday,Variety Rice,516,22.4,110.0,0,101
2025-11-25,Tuesday,Biryani,516,22.4,90.0,0,118
2025-11-25,Tuesday,Dosa,516,22.4,113.0,0,119
2025-11-25,Tuesday,Idli,516,22.4,152.0,0,135
2025-11-26,Wednesday,Meals,539,22.0,209.0,0,249
2025-11-26,Wednesday,Variety Rice,539,22.0,101.0,0,127
2025-11-26,Wednesday,Biryani,539,22.0,118.0,0,107
2025-11-26,Wednesday,Dosa,539,22.0,119.0,0,143
2025-11-26,Wednesday,Idli,539,22.0,135.0,0,152
2025-11-27,Thursday,Meals,531,21.0,249.0,0,218
2025-11-27,Thursday,Variety Rice,531,21.0,127.0,0,127
2025-11-27,Thursday,Biryani,531,21.0,107.0,0,117
2025-11-27,Thursday,Dosa,531,21.0,143.0,0,143
2025-11-27,Thursday,Idli,531,21.0,152.0,0,151
2025-11-28,Friday,Meals,390,20.4,218.0,0,102
2025-11-28,Friday,Variety Rice,390,20.4,127.0,0,95
2025-11-28,Friday,Biryani,390,20.4,117.0,0,216
2025-11-28,Friday,Dosa,390,20.4,143.0,0,108
2025-11-28,Friday,Idli,390,20.4,151.0,0,123
2025-11-29,Saturday,Meals,146,21.4,102.0,1,40
2025-11-29,Saturday,Variety Rice,146,21.4,95.0,1,35
2025-11-29,Saturday,Biryani,146,21.4,216.0,1,73
2025-11-29,Saturday,Dosa,146,21.4,108.0,1,76
2025-11-29,Saturday,Idli,146,21.4,123.0,1,40
2025-11-30,Sunday,Meals,92,21.3,40.0,1,16
2025-11-30,Sunday,Variety Rice,92,21.3,35.0,1,27
2025-11-30,Sunday,Biryani,92,21.3,73.0,1,50
2025-11-30,Sunday,Dosa,92,21.3,76.0,1,43
2025-11-30,Sunday,Idli,92,21.3,40.0,1,18
2025-12-01,Monday,Meals,433,21.4,16.0,0,151
2025-12-01,Monday,Variety Rice,433,21.4,27.0,0,93
2025-12-01,Monday,Biryani,433,21.4,50.0,0,89
2025-12-01,Monday,Dosa,433,21.4,43.0,0,93
2025-12-01,Monday,Idli,433,21.4,18.0,0,97
2025-12-02,Tuesday,Meals,440,23.3,151.0,0,155
2025-12-02,Tuesday,Variety Rice,440,23.3,93.0,0,105
2025-12-02,Tuesday,Biryani,440,23.3,89.0,0,81
2025-12-02,Tuesday,Dosa,440,23.3,93.0,0,120
2025-12-02,Tuesday,Idli,440,23.3,97.0,0,119
2025-12-03,Wednesday,Meals,405,22.5,155.0,0,168
2025-12-03,Wednesday,Variety Rice,405,22.5,105.0,0,94
2025-12-03,Wednesday,Biryani,405,22.5,81.0,0,74
2025-12-03,Wednesday,Dosa,405,22.5,120.0,0,105
2025-12-03,Wednesday,Idli,405,22.5,119.0,0,89
2025-12-04,Thursday,Meals,418,22.0,168.0,0,144
2025-12-04,Thursday,Variety Rice,418,22.0,94.0,0,78
2025-12-04,Thursday,Biryani,418,22.0,74.0,0,98
2025-12-04,Thursday,Dosa,418,22.0,105.0,0,98
2025-12-04,Thursday,Idli,418,22.0,89.0,0,121
2025-12-05,Friday,Meals,350,20.3,144.0,0,80
2025-12-05,Friday,Variety Rice,350,20.3,78.0,0,89
2025-12-05,Friday,Biryani,350,20.3,98.0,0,179
2025-12-05,Friday,Dosa,350,20.3,98.0,0,80
2025-12-05,Friday,Idli,350,20.3,121.0,0,94
2025-12-06,Saturday,Meals,157,22.1,80.0,1,71
2025-12-06,Saturday,Variety Rice,157,22.1,89.0,1,38
2025-12-06,Saturday,Biryani,157,22.1,179.0,1,43
2025-12-06,Saturday,Dosa,157,22.1,80.0,1,63
2025-12-06,Saturday,Idli,157,22.1,94.0,1,45
2025-12-07,Sunday,Meals,106,19.4,71.0,1,35
2025-12-07,Sunday,Variety Rice,106,19.4,38.0,1,21
2025-12-07,Sunday,Biryani,106,19.4,43.0,1,46
2025-12-07,Sunday,Dosa,106,19.4,63.0,1,34
2025-12-07,Sunday,Idli,106,19.4,45.0,1,20
2025-12-08,Monday,Meals,495,19.5,35.0,0,182
2025-12-08,Monday,Variety Rice,495,19.5,21.0,0,83
2025-12-08,Monday,Biryani,495,19.5,46.0,0,80
2025-12-08,Monday,Dosa,495,19.5,34.0,0,97
2025-12-08,Monday,Idli,495,19.5,20.0,0,131
2025-12-09,Tuesday,Meals,402,21.0,182.0,0,145
2025-12-09,Tuesday,Variety Rice,402,21.0,83.0,0,78
2025-12-09,Tuesday,Biryani,402,21.0,80.0,0,82
2025-12-09,Tuesday,Dosa,402,21.0,97.0,0,100
2025-12-09,Tuesday,Idli,402,21.0,131.0,0,100
2025-12-10,Wednesday,Meals,438,21.4,145.0,0,161
2025-12-10,Wednesday,Variety Rice,438,21.4,78.0,0,112
2025-12-10,Wednesday,Biryani,438,21.4,82.0,0,106
2025-12-10,Wednesday,Dosa,438,21.4,100.0,0,94
2025-12-10,Wednesday,Idli,438,21.4,100.0,0,121
2025-12-11,Thursday,Meals,414,22.5,161.0,0,167
2025-12-11,Thursday,Variety Rice,414,22.5,112.0,0,110
2025-12-11,Thursday,Biryani,414,22.5,106.0,0,67
2025-12-11,Thursday,Dosa,414,22.5,94.0,0,92
2025-12-11,Thursday,Idli,414,22.5,121.0,0,119
2025-12-12,Friday,Meals,429,21.6,167.0,0,123
2025-12-12,Friday,Variety Rice,429,21.6,110.0,0,101
2025-12-12,Friday,Biryani,429,21.6,67.0,0,200
2025-12-12,Friday,Dosa,429,21.6,92.0,0,117
2025-12-12,Friday,Idli,429,21.6,119.0,0,124
2025-12-13,Saturday,Meals,128,20.6,123.0,1,30
2025-12-13,Saturday,Variety Rice,128,20.6,101.0,1,40
2025-12-13,Saturday,Biryani,128,20.6,200.0,1,63
2025-12-13,Saturday,Dosa,128,20.6,117.0,1,59
2025-12-13,Saturday,Idli,128,20.6,124.0,1,49
2025-12-14,Sunday,Meals,144,20.4,30.0,1,29
2025-12-14,Sunday,Variety Rice,144,20.4,40.0,1,32
2025-12-14,Sunday,Biryani,144,20.4,63.0,1,63
2025-12-14,Sunday,Dosa,144,20.4,59.0,1,61
2025-12-14,Sunday,Idli,144,20.4,49.0,1,29
2025-12-15,Monday,Meals,493,20.8,29.0,0,162
2025-12-15,Monday,Variety Rice,493,20.8,32.0,0,86
2025-12-15,Monday,Biryani,493,20.8,63.0,0,121
2025-12-15,Monday,Dosa,493,20.8,61.0,0,132
2025-12-15,Monday,Idli,493,20.8,29.0,0,125
2025-12-16,Tuesday,Meals,439,22.3,162.0,0,170
2025-12-16,Tuesday,Variety Rice,439,22.3,86.0,0,100
2025-12-16,Tuesday,Biryani,439,22.3,121.0,0,86
2025-12-16,Tuesday,Dosa,439,22.3,132.0,0,105
2025-12-16,Tuesday,Idli,439,22.3,125.0,0,109
2025-12-17,Wednesday,Meals,426,19.4,170.0,0,163
2025-12-17,Wednesday,Variety Rice,426,19.4,100.0,0,88
2025-12-17,Wednesday,Biryani,426,19.4,86.0,0,94
2025-12-17,Wednesday,Dosa,426,19.4,105.0,0,123
2025-12-17,Wednesday,Idli,426,19.4,109.0,0,105
2025-12-18,Thursday,Meals,479,21.4,163.0,0,188
2025-12-18,Thursday,Variety Rice,479,21.4,88.0,0,106
2025-12-18,Thursday,Biryani,479,21.4,94.0,0,106
2025-12-18,Thursday,Dosa,479,21.4,123.0,0,128
2025-12-18,Thursday,Idli,479,21.4,105.0,0,112
2025-12-19,Friday,Meals,441,22.6,188.0,0,116
2025-12-19,Friday,Variety Rice,441,22.6,106.0,0,100
2025-12-19,Friday,Biryani,441,22.6,106.0,0,240
2025-12-19,Friday,Dosa,441,22.6,128.0,0,111
2025-12-19,Friday,Idli,441,22.6,112.0,0,126
2025-12-20,Saturday,Meals,110,25.3,116.0,1,23
2025-12-20,Saturday,Variety Rice,110,25.3,100.0,1,33
2025-12-20,Saturday,Biryani,110,25.3,240.0,1,63
2025-12-20,Saturday,Dosa,110,25.3,111.0,1,48
2025-12-20,Saturday,Idli,110,25.3,126.0,1,47
2025-12-21,Sunday,Meals,147,18.6,23.0,1,34
2025-12-21,Sunday,Variety Rice,147,18.6,33.0,1,49
2025-12-21,Sunday,Biryani,147,18.6,63.0,1,97
2025-12-21,Sunday,Dosa,147,18.6,48.0,1,50
2025-12-21,Sunday,Idli,147,18.6,47.0,1,28
2025-12-22,Monday,Meals,444,22.6,34.0,0,149
2025-12-22,Monday,Variety Rice,444,22.6,49.0,0,94
2025-12-22,Monday,Biryani,444,22.6,97.0,0,60
2025-12-22,Monday,Dosa,444,22.6,50.0,0,103
2025-12-22,Monday,Idli,444,22.6,28.0,0,116
2025-12-23,Tuesday,Meals,517,20.1,149.0,0,180
2025-12-23,Tuesday,Variety Rice,517,20.1,94.0,0,123
2025-12-23,Tuesday,Biryani,517,20.1,60.0,0,95
2025-12-23,Tuesday,Dosa,517,20.1,103.0,0,126
2025-12-23,Tuesday,Idli,517,20.1,116.0,0,143
2025-12-24,Wednesday,Meals,482,21.6,180.0,0,198
2025-12-24,Wednesday,Variety Rice,482,21.6,123.0,0,107
2025-12-24,Wednesday,Biryani,482,21.6,95.0,0,87
2025-12-24,Wednesday,Dosa,482,21.6,126.0,0,112
2025-12-24,Wednesday,Idli,482,21.6,143.0,0,121
2025-12-25,Thursday,Meals,161,26.3,198.0,1,57
2025-12-25,Thursday,Variety Rice,161,26.3,107.0,1,31
2025-12-25,Thursday,Biryani,161,26.3,87.0,1,62
2025-12-25,Thursday,Dosa,161,26.3,112.0,1,63
2025-12-25,Thursday,Idli,161,26.3,121.0,1,52
2025-12-26,Friday,Meals,405,20.6,57.0,0,99
2025-12-26,Friday,Variety Rice,405,20.6,31.0,0,83
2025-12-26,Friday,Biryani,405,20.6,62.0,0,174
2025-12-26,Friday,Dosa,405,20.6,63.0,0,92
2025-12-26,Friday,Idli,405,20.6,52.0,0,90
2025-12-27,Saturday,Meals,204,21.4,99.0,1,81
2025-12-27,Saturday,Variety Rice,204,21.4,83.0,1,50
2025-12-27,Saturday,Biryani,204,21.4,174.0,1,93
2025-12-27,Saturday,Dosa,204,21.4,92.0,1,96
2025-12-27,Saturday,Idli,204,21.4,90.0,1,59
2025-12-28,Sunday,Meals,181,22.2,81.0,1,51
2025-12-28,Sunday,Variety Rice,181,22.2,50.0,1,48
2025-12-28,Sunday,Biryani,181,22.2,93.0,1,72
2025-12-28,Sunday,Dosa,181,22.2,96.0,1,87
2025-12-28,Sunday,Idli,181,22.2,59.0,1,35
2025-12-29,Monday,Meals,448,20.3,51.0,0,166
2025-12-29,Monday,Variety Rice,448,20.3,48.0,0,103
2025-12-29,Monday,Biryani,448,20.3,72.0,0,68
2025-12-29,Monday,Dosa,448,20.3,87.0,0,110
2025-12-29,Monday,Idli,448,20.3,35.0,0,118
2025-12-30,Tuesday,Meals,451,18.8,166.0,0,169
2025-12-30,Tuesday,Variety Rice,451,18.8,103.0,0,126
2025-12-30,Tuesday,Biryani,451,18.8,68.0,0,93
2025-12-30,Tuesday,Dosa,451,18.8,110.0,0,98
2025-12-30,Tuesday,Idli,451,18.8,118.0,0,113
2025-12-31,Wednesday,Meals,543,23.0,169.0,0,189
2025-12-31,Wednesday,Variety Rice,543,23.0,126.0,0,106
2025-12-31,Wednesday,Biryani,543,23.0,93.0,0,136
2025-12-31,Wednesday,Dosa,543,23.0,98.0,0,139
2025-12-31,Wednesday,Idli,543,23.0,113.0,0,133
