id,date,menu_type,meals_prepared,meals_sold,discarded_meals,cost_per_meal,notes
WST-1000,2025-10-01,Meals,210,195,8,45.0,Smooth lunch service; slight rice leftover
WST-1001,2025-10-02,Biryani,260,255,3,75.0,Friday special; nearly complete sellout
WST-1002,2025-10-03,Variety Rice,110,88,14,40.0,Rainy cooler day; lower curd rice demand
WST-1003,2025-10-04,Dosa,130,125,4,35.0,Evening snacks brisk sale
WST-1004,2025-10-05,Idli,140,122,12,30.0,Sambar surplus preserved; idli discarded
WST-1005,2025-10-06,Meals,200,160,28,45.0,Sudden afternoon symposium cancellation
WST-1006,2025-10-07,Biryani,190,175,10,75.0,Midweek special; 5 meals donated to hostel
WST-1007,2025-10-08,Variety Rice,95,90,3,40.0,Well tuned batch
WST-1008,2025-10-09,Dosa,150,148,2,35.0,Weekend rush
WST-1009,2025-10-10,Meals,220,205,12,45.0,Regular weekday
WST-1010,2025-10-11,Idli,135,110,18,30.0,Monday morning exam period
WST-1011,2025-10-12,Biryani,240,230,7,75.0,Festive Friday lunch
WST-25350,2025-10-16,Biryani,150,142,4,60.0,Test automated log entry
WST-25387,2025-10-16,Biryani,150,142,4,60.0,Test automated log entry
WST-25902,2025-10-20,Dosa,0,0,0,35.0,Kitchen closed / zero batch test
WST-26968,2025-10-20,Dosa,0,0,0,35.0,Kitchen closed / zero batch test
WST-34488,2025-10-20,Dosa,0,0,0,35.0,Kitchen closed / zero batch test
